Subject	Event	Session	S2_Condition	Arousal	Detail
1	Event #001	2	Better	4	5
1	Event #002	2	Observer	4	2
1	Event #003	2	Observer	4	3
1	Event #004	2	Observer	3	2
1	Event #005	2	Observer	4	2
1	Event #006	2	Worse	3	2
1	Event #008	2	Worse	6	3
1	Event #009	2	Better	6	6
1	Event #010	2	Better	7	5
1	Event #012	2	Observer	4	5
1	Event #013	2	Better	3	4
1	Event #015	2	Observer	3	2
1	Event #016	2	Observer	2	4
1	Event #017	2	Observer	4	2
1	Event #018	2	Remember	2	3
1	Event #019	2	Worse	4	3
1	Event #020	2	Observer	4	4
1	Event #021	2	Observer	3	4
1	Event #022	2	Observer	3	5
1	Event #023	2	Observer	4	4
1	Event #024	2	Remember	2	4
1	Event #025	2	Remember	2	4
1	Event #027	2	Better	2	3
1	Event #028	2	Remember	3	3
1	Event #029	2	Better	2	5
1	Event #030	2	Observer	3	4
1	Event #032	2	Worse	5	3
1	Event #033	2	Remember	4	3
1	Event #034	2	Better	2	3
1	Event #035	2	Worse	2	2
1	Event #036	2	Worse	4	3
1	Event #037	2	Observer	3	6
1	Event #038	2	Remember	3	6
1	Event #039	2	Observer	3	4
1	Event #040	2	Worse	4	5
1	Event #041	2	Better	3	2
1	Event #042	2	Remember	2	4
1	Event #044	2	Remember	2	5
1	Event #045	2	Better	1	2
1	Event #046	2	Worse	3	3
1	Event #047	2	Worse	3	3
1	Event #048	2	Remember	2	4
1	Event #049	2	Worse	3	3
1	Event #050	2	Better	2	3
1	Event #051	2	Remember	3	5
1	Event #053	2	Better	4	4
1	Event #054	2	Better	4	2
1	Event #056	2	Worse	2	4
1	Event #057	2	Remember	3	5
1	Event #058	2	Better	1	5
1	Event #060	2	Remember	4	5
1	Event #061	2	Observer	2	2
1	Event #063	2	Remember	5	3
1	Event #066	2	Better	1	3
1	Event #068	2	Worse	3	4
1	Event #069	2	Worse	5	3
1	Event #070	2	Remember	2	5
1	Event #071	2	Worse	3	3
1	Event #073	2	Remember	2	3
1	Event #074	2	Remember	3	6
1	Event #075	2	Better	2	5
1	Event #077	2	Observer	4	3
1	Event #078	2	Remember	3	5
1	Event #079	2	Observer	4	6
1	Event #080	2	Better	3	3
1	Event #081	2	Worse	3	3
1	Event #082	2	Better	3	4
1	Event #083	2	Remember	1	4
1	Event #084	2	Remember	2	4
1	Event #086	2	Remember	1	4
1	Event #087	2	Better	2	4
1	Event #088	2	Observer	1	1
1	Event #089	2	Remember	2	2
1	Event #090	2	Worse	4	4
1	Event #091	2	Observer	2	5
1	Event #092	2	Observer	2	4
1	Event #093	2	Worse	3	5
1	Event #095	2	Worse	5	3
1	Event #096	2	Better	2	4
1	Event #098	2	Worse	3	3
1	Event #099	2	Better	3	4
1	Event #100	2	Better	3	3
1	Event #101	2	Worse	3	4
1	Event #102	2	Worse	4	5
1	Event #104	2	Worse	2	4
1	Event #105	2	Observer	1	3
1	Event #106	2	Observer	4	5
1	Event #107	2	Observer	1	
1	Event #109	2	Better	2	4
1	Event #111	2	Better	2	2
1	Event #112	2	Remember	2	2
1	Event #114	2	Better	2	3
1	Event #115	2	Remember	2	3
1	Event #116	2	Worse	2	4
1	Event #119	2	Worse	3	4
1	Event #120	2	Remember	1	4
2	Event #003	2	Worse	2	3
2	Event #004	2	Worse	2	5
2	Event #005	2	Worse	2	3
2	Event #007	2	Better	3	4
2	Event #008	2	Observer	2	4
2	Event #012	2	Remember	4	3
2	Event #014	2	Worse	2	2
2	Event #015	2	Remember	1	4
2	Event #016	2	Remember		
2	Event #019	2	Better	1	4
2	Event #021	2	Worse	2	3
2	Event #024	2	Remember	5	3
2	Event #025	2	Observer	5	4
2	Event #028	2	Remember	1	3
2	Event #029	2	Remember	1	3
2	Event #036	2	Observer	4	3
2	Event #038	2	Remember	1	5
2	Event #039	2	Worse	2	4
2	Event #041	2	Worse	2	4
2	Event #042	2	Worse	1	4
2	Event #044	2	Observer	2	4
2	Event #048	2	Observer		2
2	Event #049	2	Better	1	3
2	Event #051	2	Remember	2	
2	Event #054	2	Remember	7	6
2	Event #055	2	Observer	4	2
2	Event #056	2	Better	1	3
2	Event #059	2	Better		3
2	Event #062	2	Better	3	3
2	Event #063	2	Worse	3	5
2	Event #064	2	Better	1	6
2	Event #065	2	Remember		3
2	Event #066	2	Better	5	4
2	Event #067	2	Remember	4	5
2	Event #068	2	Observer	1	5
2	Event #069	2	Observer	3	5
2	Event #070	2	Better		5
2	Event #071	2	Observer	4	5
2	Event #073	2	Worse	5	5
2	Event #074	2	Remember	2	4
2	Event #075	2	Remember	2	3
2	Event #076	2	Observer	1	2
2	Event #080	2	Better	1	2
2	Event #081	2	Better	2	5
2	Event #082	2	Observer	1	3
2	Event #083	2	Better	2	3
2	Event #084	2	Remember	1	3
2	Event #086	2	Remember	2	2
2	Event #087	2	Worse	4	4
2	Event #088	2	Observer	2	3
2	Event #090	2	Observer	4	5
2	Event #091	2	Worse	4	4
2	Event #093	2	Observer	3	3
2	Event #094	2	Remember	6	6
2	Event #095	2	Worse	6	
2	Event #096	2	Better	2	5
2	Event #097	2	Worse	2	3
2	Event #099	2	Worse	2	
2	Event #101	2	Better		5
2	Event #102	2	Observer	1	2
2	Event #103	2	Remember	1	6
2	Event #105	2	Better	2	3
2	Event #106	2	Better	3	3
2	Event #107	2	Observer	1	4
2	Event #108	2	Better	2	5
2	Event #109	2	Worse	6	6
2	Event #112	2	Worse	4	3
2	Event #114	2	Observer		3
2	Event #115	2	Better	1	4
2	Event #116	2	Worse	1	2
2	Event #118	2	Remember	1	5
2	Event #119	2	Observer	4	5
4	Event #001	2	Worse	6	6
4	Event #002	2	Better	6	6
4	Event #003	2	Better	2	3
4	Event #005	2	Worse	3	3
4	Event #006	2	Better	6	4
4	Event #007	2	Better	7	6
4	Event #008	2	Worse	5	5
4	Event #009	2	Worse	5	6
4	Event #010	2	Better	3	5
4	Event #011	2	Worse	4	5
4	Event #012	2	Worse	2	5
4	Event #013	2	Remember	5	5
4	Event #015	2	Remember	1	5
4	Event #016	2	Remember	5	7
4	Event #017	2	Better	6	6
4	Event #018	2	Worse	5	6
4	Event #019	2	Worse	6	6
4	Event #020	2	Remember	6	7
4	Event #021	2	Remember	5	6
4	Event #022	2	Better	5	6
4	Event #023	2	Remember	3	4
4	Event #024	2	Worse	4	6
4	Event #025	2	Worse	4	3
4	Event #028	2	Remember	4	5
4	Event #029	2	Observer	5	7
4	Event #030	2	Observer	4	5
4	Event #031	2	Remember	6	5
4	Event #032	2	Remember	2	6
4	Event #033	2	Worse	1	5
4	Event #034	2	Worse	2	6
4	Event #035	2	Observer	2	6
4	Event #036	2	Better	4	3
4	Event #038	2	Observer	2	6
4	Event #039	2	Remember	4	6
4	Event #040	2	Remember	7	6
4	Event #041	2	Observer	7	7
4	Event #042	2	Worse	5	6
4	Event #043	2	Better	2	3
4	Event #044	2	Better	5	3
4	Event #046	2	Better	4	5
4	Event #048	2	Better	5	5
4	Event #049	2	Worse	2	5
4	Event #050	2	Remember	4	5
4	Event #051	2	Remember	2	1
4	Event #052	2	Observer	4	5
4	Event #053	2	Remember	5	6
4	Event #054	2	Worse	6	5
4	Event #057	2	Remember	4	6
4	Event #058	2	Remember	5	5
4	Event #059	2	Observer	2	6
4	Event #060	2	Remember	3	
4	Event #061	2	Observer	2	5
4	Event #064	2	Observer	3	5
4	Event #065	2	Observer	2	4
4	Event #067	2	Worse	5	6
4	Event #068	2	Observer	4	5
4	Event #069	2	Observer	5	6
4	Event #070	2	Better	2	6
4	Event #071	2	Better	5	4
4	Event #072	2	Observer	5	2
4	Event #074	2	Observer	4	7
4	Event #075	2	Better	4	6
4	Event #077	2	Remember	7	5
4	Event #078	2	Observer	3	5
4	Event #081	2	Remember	5	
4	Event #082	2	Better	5	5
4	Event #083	2	Observer	4	5
4	Event #084	2	Worse	4	4
4	Event #085	2	Observer	1	5
4	Event #087	2	Better	2	3
4	Event #088	2	Observer	5	6
4	Event #089	2	Worse	6	6
4	Event #091	2	Remember	6	7
4	Event #092	2	Observer	5	6
4	Event #093	2	Worse	5	6
4	Event #094	2	Better	3	2
4	Event #095	2	Better	3	5
4	Event #098	2	Observer	5	5
4	Event #099	2	Worse	4	5
4	Event #100	2	Worse	5	2
4	Event #101	2	Better	4	3
4	Event #102	2	Worse	3	2
4	Event #103	2	Remember	2	6
4	Event #104	2	Observer	3	3
4	Event #105	2	Better	4	5
4	Event #106	2	Better	1	2
4	Event #108	2	Worse	2	6
4	Event #109	2	Observer	1	5
4	Event #110	2	Better	4	3
4	Event #111	2	Remember	2	5
4	Event #112	2	Observer	2	4
4	Event #114	2	Worse	7	5
4	Event #116	2	Better	2	3
4	Event #118	2	Observer	2	4
4	Event #119	2	Remember	2	6
4	Event #120	2	Remember	4	5
5	Event #001	2	Worse	5	6
5	Event #002	2	Observer	4	5
5	Event #003	2	Better	4	5
5	Event #004	2	Better	6	4
5	Event #005	2	Observer	2	7
5	Event #006	2	Observer	4	7
5	Event #007	2	Observer	3	5
5	Event #008	2	Better		5
5	Event #009	2	Worse	5	5
5	Event #011	2	Remember	1	4
5	Event #012	2	Better	2	5
5	Event #014	2	Better	7	7
5	Event #015	2	Better	6	3
5	Event #016	2	Remember	3	6
5	Event #017	2	Worse	4	5
5	Event #019	2	Remember	3	5
5	Event #020	2	Remember	6	6
5	Event #021	2	Better	6	2
5	Event #023	2	Remember	4	7
5	Event #024	2	Remember	2	6
5	Event #025	2	Remember	4	5
5	Event #027	2	Better	6	5
5	Event #028	2	Worse	6	6
5	Event #029	2	Worse	6	7
5	Event #030	2	Better	5	4
5	Event #033	2	Better	3	4
5	Event #035	2	Observer	5	6
5	Event #036	2	Remember	4	5
5	Event #037	2	Worse	4	4
5	Event #038	2	Observer	3	5
5	Event #039	2	Observer	1	7
5	Event #040	2	Remember	5	6
5	Event #041	2	Observer	2	3
5	Event #042	2	Worse	4	6
5	Event #043	2	Observer	4	6
5	Event #044	2	Observer	3	7
5	Event #046	2	Observer	3	6
5	Event #048	2	Remember	5	5
5	Event #049	2	Better	2	6
5	Event #050	2	Better	3	4
5	Event #051	2	Worse	4	7
5	Event #052	2	Observer	5	7
5	Event #054	2	Remember	3	6
5	Event #055	2	Worse	6	6
5	Event #057	2	Better	4	7
5	Event #058	2	Remember	4	5
5	Event #059	2	Remember	6	6
5	Event #060	2	Worse	4	6
5	Event #061	2	Worse	5	6
5	Event #062	2	Observer	4	4
5	Event #063	2	Better	1	6
5	Event #064	2	Better	3	5
5	Event #065	2	Remember	2	5
5	Event #066	2	Worse	3	3
5	Event #067	2	Remember	5	7
5	Event #069	2	Better	3	3
5	Event #070	2	Remember	3	5
5	Event #071	2	Remember	4	6
5	Event #072	2	Observer	2	5
5	Event #075	2	Better	5	5
5	Event #076	2	Observer	3	4
5	Event #077	2	Worse	3	4
5	Event #078	2	Worse	1	4
5	Event #079	2	Remember	1	4
5	Event #082	2	Worse	6	6
5	Event #083	2	Observer	2	7
5	Event #084	2	Better	2	2
5	Event #085	2	Worse	3	5
5	Event #086	2	Better	4	6
5	Event #087	2	Remember	5	6
5	Event #088	2	Worse	3	5
5	Event #089	2	Remember	5	7
5	Event #090	2	Worse	5	6
5	Event #091	2	Remember	2	4
5	Event #092	2	Better	2	5
5	Event #093	2	Observer	1	4
5	Event #094	2	Remember	3	6
5	Event #095	2	Worse	5	5
5	Event #096	2	Observer	3	5
5	Event #097	2	Better	4	4
5	Event #098	2	Better	4	6
5	Event #099	2	Worse	6	6
5	Event #100	2	Better	3	6
5	Event #101	2	Better	4	5
5	Event #102	2	Observer	3	5
5	Event #104	2	Observer	2	4
5	Event #106	2	Remember	2	6
5	Event #110	2	Worse	3	4
5	Event #111	2	Observer	3	6
5	Event #112	2	Remember	6	6
5	Event #114	2	Worse	2	4
5	Event #115	2	Observer	2	4
5	Event #116	2	Observer	1	5
5	Event #118	2	Worse	3	2
5	Event #119	2	Worse	3	5
5	Event #120	2	Observer	4	5
6	Event #001	2	Better	3	3
6	Event #002	2	Observer	4	6
6	Event #003	2	Observer	4	5
6	Event #004	2	Observer	2	6
6	Event #005	2	Observer	5	4
6	Event #006	2	Worse	5	4
6	Event #008	2	Worse	5	4
6	Event #009	2	Better	6	5
6	Event #010	2	Better	3	3
6	Event #012	2	Observer	4	3
6	Event #013	2	Better	6	5
6	Event #015	2	Observer	5	5
6	Event #016	2	Observer	2	4
6	Event #017	2	Observer	3	3
6	Event #018	2	Remember	3	2
6	Event #019	2	Worse	4	4
6	Event #020	2	Observer	6	5
6	Event #021	2	Observer	2	
6	Event #022	2	Observer	4	5
6	Event #023	2	Observer	4	4
6	Event #024	2	Remember	6	5
6	Event #025	2	Remember	6	5
6	Event #027	2	Better	4	4
6	Event #028	2	Remember	4	4
6	Event #029	2	Better	3	3
6	Event #030	2	Observer	1	2
6	Event #032	2	Worse	4	3
6	Event #033	2	Remember	1	4
6	Event #034	2	Better	2	3
6	Event #035	2	Worse	2	2
6	Event #036	2	Worse	3	4
6	Event #037	2	Observer	4	4
6	Event #038	2	Remember		3
6	Event #039	2	Observer	3	3
6	Event #040	2	Worse	3	4
6	Event #041	2	Better	3	3
6	Event #042	2	Remember	1	3
6	Event #044	2	Remember	4	5
6	Event #045	2	Better	1	3
6	Event #046	2	Worse	4	5
6	Event #047	2	Worse	2	3
6	Event #048	2	Remember	1	3
6	Event #049	2	Worse	1	4
6	Event #050	2	Better	4	4
6	Event #051	2	Remember	1	2
6	Event #053	2	Better	6	5
6	Event #054	2	Better	3	5
6	Event #056	2	Worse	4	3
6	Event #057	2	Remember		6
6	Event #058	2	Better	3	4
6	Event #060	2	Remember	6	5
6	Event #061	2	Observer	4	4
6	Event #063	2	Remember	2	2
6	Event #066	2	Better	5	4
6	Event #068	2	Worse	2	2
6	Event #069	2	Worse		4
6	Event #070	2	Remember	2	4
6	Event #071	2	Worse	4	3
6	Event #073	2	Remember	1	4
6	Event #074	2	Remember	2	4
6	Event #075	2	Better	2	2
6	Event #077	2	Observer		5
6	Event #078	2	Remember	2	3
6	Event #079	2	Observer	4	2
6	Event #080	2	Better	2	4
6	Event #081	2	Worse	5	5
6	Event #082	2	Better	4	4
6	Event #083	2	Remember	3	5
6	Event #084	2	Remember	2	4
6	Event #086	2	Remember	5	5
6	Event #087	2	Better	2	4
6	Event #088	2	Observer	4	4
6	Event #089	2	Remember	2	3
6	Event #090	2	Worse	3	2
6	Event #091	2	Observer		4
6	Event #092	2	Observer	5	6
6	Event #093	2	Worse	4	3
6	Event #095	2	Worse	5	5
6	Event #096	2	Better	1	2
6	Event #098	2	Worse	3	4
6	Event #099	2	Better	3	3
6	Event #100	2	Better	3	3
6	Event #101	2	Worse	4	4
6	Event #102	2	Worse	2	3
6	Event #104	2	Worse	4	4
6	Event #105	2	Observer	3	5
6	Event #106	2	Observer	4	3
6	Event #107	2	Observer	1	5
6	Event #109	2	Better	5	4
6	Event #111	2	Better	3	2
6	Event #112	2	Remember	1	4
6	Event #114	2	Better	2	4
6	Event #115	2	Remember	3	3
6	Event #116	2	Worse	3	5
6	Event #119	2	Worse	4	5
6	Event #120	2	Remember	2	2
7	Event #001	2	Better	5	5
7	Event #002	2	Observer	2	
7	Event #003	2	Observer	1	5
7	Event #004	2	Observer	2	5
7	Event #005	2	Observer	3	4
7	Event #006	2	Worse	6	6
7	Event #008	2	Worse	1	5
7	Event #009	2	Better	4	6
7	Event #010	2	Better	2	5
7	Event #012	2	Observer	1	
7	Event #013	2	Better	6	4
7	Event #015	2	Observer	5	5
7	Event #016	2	Observer	3	4
7	Event #017	2	Observer	4	4
7	Event #018	2	Remember	2	2
7	Event #019	2	Worse	1	4
7	Event #020	2	Observer	1	5
7	Event #021	2	Observer	2	3
7	Event #022	2	Observer	5	5
7	Event #023	2	Observer	4	5
7	Event #024	2	Remember	2	5
7	Event #025	2	Remember	2	4
7	Event #027	2	Better	5	6
7	Event #028	2	Remember	3	6
7	Event #029	2	Better	3	4
7	Event #030	2	Observer	5	5
7	Event #032	2	Worse	4	4
7	Event #033	2	Remember	3	3
7	Event #034	2	Better	4	6
7	Event #035	2	Worse	2	4
7	Event #036	2	Worse	3	3
7	Event #037	2	Observer	3	5
7	Event #038	2	Remember	2	3
7	Event #039	2	Observer	1	5
7	Event #040	2	Worse	2	
7	Event #041	2	Better	3	4
7	Event #042	2	Remember	2	3
7	Event #044	2	Remember	3	2
7	Event #045	2	Better	2	4
7	Event #046	2	Worse	3	4
7	Event #047	2	Worse	3	5
7	Event #048	2	Remember	2	
7	Event #049	2	Worse	2	5
7	Event #050	2	Better	4	4
7	Event #051	2	Remember	7	6
7	Event #053	2	Better	3	6
7	Event #054	2	Better	2	3
7	Event #056	2	Worse	2	5
7	Event #057	2	Remember	1	4
7	Event #058	2	Better	3	4
7	Event #060	2	Remember	3	5
7	Event #061	2	Observer	1	5
7	Event #063	2	Remember	4	4
7	Event #066	2	Better	3	4
7	Event #068	2	Worse	3	4
7	Event #069	2	Worse	2	
7	Event #070	2	Remember	2	4
7	Event #071	2	Worse	2	2
7	Event #073	2	Remember	3	5
7	Event #074	2	Remember	2	5
7	Event #075	2	Better	3	5
7	Event #077	2	Observer		6
7	Event #078	2	Remember	1	4
7	Event #079	2	Observer	2	4
7	Event #080	2	Better	1	5
7	Event #081	2	Worse	2	4
7	Event #082	2	Better	2	6
7	Event #083	2	Remember	5	5
7	Event #084	2	Remember		5
7	Event #086	2	Remember	3	4
7	Event #087	2	Better	2	4
7	Event #088	2	Observer	3	3
7	Event #089	2	Remember	2	3
7	Event #090	2	Worse	3	3
7	Event #091	2	Observer	2	4
7	Event #092	2	Observer	2	5
7	Event #093	2	Worse	2	5
7	Event #095	2	Worse	3	4
7	Event #096	2	Better	2	3
7	Event #098	2	Worse	2	4
7	Event #099	2	Better	6	5
7	Event #100	2	Better	1	1
7	Event #101	2	Worse	5	6
7	Event #102	2	Worse	2	3
7	Event #104	2	Worse	3	4
7	Event #105	2	Observer	1	3
7	Event #106	2	Observer	2	2
7	Event #107	2	Observer	6	5
7	Event #109	2	Better	2	4
7	Event #111	2	Better	1	4
7	Event #112	2	Remember	5	6
7	Event #114	2	Better	2	4
7	Event #115	2	Remember	4	4
7	Event #116	2	Worse	2	5
7	Event #119	2	Worse	3	4
7	Event #120	2	Remember	3	5
9	Event #003	2	Worse	6	7
9	Event #005	2	Observer	5	5
9	Event #006	2	Worse	7	6
9	Event #007	2	Better	5	5
9	Event #008	2	Observer	7	5
9	Event #011	2	Worse	7	7
9	Event #014	2	Observer	2	2
9	Event #015	2	Remember	6	7
9	Event #016	2	Worse	6	4
9	Event #017	2	Better	3	5
9	Event #019	2	Remember	5	5
9	Event #021	2	Remember	2	4
9	Event #022	2	Worse	2	5
9	Event #025	2	Remember	2	5
9	Event #026	2	Remember	4	6
9	Event #027	2	Remember	4	7
9	Event #028	2	Better	5	3
9	Event #029	2	Remember	1	6
9	Event #030	2	Worse	2	4
9	Event #031	2	Remember	5	7
9	Event #032	2	Worse	6	6
9	Event #033	2	Better	4	5
9	Event #034	2	Worse	4	6
9	Event #035	2	Worse	3	5
9	Event #037	2	Remember	2	4
9	Event #038	2	Better	2	5
9	Event #040	2	Worse	6	5
9	Event #041	2	Better	3	5
9	Event #042	2	Better	5	3
9	Event #043	2	Remember	6	7
9	Event #044	2	Remember	1	5
9	Event #045	2	Worse	7	6
9	Event #046	2	Observer	2	4
9	Event #047	2	Observer	5	7
9	Event #048	2	Observer	6	7
9	Event #049	2	Remember	4	
9	Event #050	2	Remember	5	4
9	Event #051	2	Better	1	5
9	Event #052	2	Remember	5	6
9	Event #053	2	Remember	2	5
9	Event #054	2	Worse	5	3
9	Event #055	2	Worse	1	4
9	Event #056	2	Observer	4	5
9	Event #058	2	Better	4	6
9	Event #059	2	Observer	2	4
9	Event #060	2	Better		4
9	Event #061	2	Remember	3	6
9	Event #062	2	Better	5	6
9	Event #063	2	Observer	3	4
9	Event #064	2	Remember	3	3
9	Event #067	2	Observer	5	4
9	Event #068	2	Worse	4	3
9	Event #069	2	Worse	6	7
9	Event #070	2	Better	4	5
9	Event #072	2	Better	1	5
9	Event #073	2	Remember	5	5
9	Event #074	2	Better	3	5
9	Event #076	2	Better	6	7
9	Event #077	2	Better	2	2
9	Event #078	2	Better	3	6
9	Event #079	2	Observer	1	5
9	Event #080	2	Observer		4
9	Event #081	2	Better	5	4
9	Event #083	2	Observer	5	4
9	Event #084	2	Observer	1	5
9	Event #086	2	Better	4	3
9	Event #087	2	Remember	3	4
9	Event #088	2	Remember	3	6
9	Event #089	2	Better	2	3
9	Event #090	2	Observer	4	3
9	Event #091	2	Worse	5	4
9	Event #092	2	Worse	2	4
9	Event #093	2	Observer	6	7
9	Event #094	2	Remember	6	3
9	Event #096	2	Worse	6	6
9	Event #097	2	Observer	2	2
9	Event #098	2	Observer	4	3
9	Event #099	2	Worse	1	7
9	Event #100	2	Better	3	
9	Event #101	2	Worse	2	5
9	Event #102	2	Remember	5	1
9	Event #103	2	Better	5	5
9	Event #104	2	Observer	3	6
9	Event #105	2	Worse	7	7
9	Event #106	2	Observer	2	4
9	Event #107	2	Better	3	4
9	Event #108	2	Observer	6	4
9	Event #109	2	Remember	4	5
9	Event #110	2	Remember	3	6
9	Event #111	2	Observer	7	7
9	Event #112	2	Worse	7	7
9	Event #113	2	Better	5	7
9	Event #115	2	Worse	3	3
9	Event #117	2	Observer	5	5
9	Event #119	2	Worse	4	6
9	Event #120	2	Observer	5	6
10	Event #003	2	Worse	4	7
10	Event #005	2	Observer	2	5
10	Event #006	2	Worse	3	6
10	Event #007	2	Better	3	5
10	Event #008	2	Observer	2	7
10	Event #011	2	Worse	1	4
10	Event #014	2	Observer	1	5
10	Event #015	2	Remember	2	7
10	Event #016	2	Worse	2	6
10	Event #017	2	Better	2	6
10	Event #019	2	Remember	1	6
10	Event #021	2	Remember	1	4
10	Event #022	2	Worse	3	6
10	Event #025	2	Remember	2	7
10	Event #026	2	Remember	3	7
10	Event #027	2	Remember	1	
10	Event #028	2	Better	2	6
10	Event #029	2	Remember	3	6
10	Event #030	2	Worse	2	4
10	Event #031	2	Remember	2	5
10	Event #032	2	Worse		5
10	Event #033	2	Better	2	4
10	Event #034	2	Worse	2	3
10	Event #035	2	Worse	2	6
10	Event #037	2	Remember	5	7
10	Event #038	2	Better		1
10	Event #040	2	Worse	1	6
10	Event #041	2	Better	2	6
10	Event #042	2	Better	2	6
10	Event #043	2	Remember	2	6
10	Event #044	2	Remember	3	7
10	Event #045	2	Worse	2	6
10	Event #046	2	Observer	1	5
10	Event #047	2	Observer	1	6
10	Event #048	2	Observer	1	6
10	Event #049	2	Remember	2	5
10	Event #050	2	Remember	1	5
10	Event #051	2	Better	1	5
10	Event #052	2	Remember	2	7
10	Event #053	2	Remember	2	7
10	Event #054	2	Worse	2	7
10	Event #055	2	Worse	2	6
10	Event #056	2	Observer	3	5
10	Event #058	2	Better	2	6
10	Event #059	2	Observer	2	7
10	Event #060	2	Better		5
10	Event #061	2	Remember	1	6
10	Event #062	2	Better	2	6
10	Event #063	2	Observer	1	5
10	Event #064	2	Remember	1	3
10	Event #067	2	Observer	2	6
10	Event #068	2	Worse	2	5
10	Event #069	2	Worse	2	5
10	Event #070	2	Better	2	5
10	Event #072	2	Better	1	7
10	Event #073	2	Remember	3	7
10	Event #074	2	Better	1	4
10	Event #076	2	Better	2	6
10	Event #077	2	Better	2	5
10	Event #078	2	Better	2	6
10	Event #079	2	Observer	2	6
10	Event #080	2	Observer	1	5
10	Event #081	2	Better	1	4
10	Event #083	2	Observer	1	5
10	Event #084	2	Observer	2	5
10	Event #086	2	Better	1	7
10	Event #087	2	Remember	1	2
10	Event #088	2	Remember	3	6
10	Event #089	2	Better	2	6
10	Event #090	2	Observer	2	6
10	Event #091	2	Worse	5	5
10	Event #092	2	Worse	3	4
10	Event #093	2	Observer	2	4
10	Event #094	2	Remember	1	4
10	Event #096	2	Worse	1	4
10	Event #097	2	Observer		6
10	Event #098	2	Observer	3	6
10	Event #099	2	Worse	3	5
10	Event #100	2	Better	1	5
10	Event #101	2	Worse	1	5
10	Event #102	2	Remember	1	4
10	Event #103	2	Better	1	5
10	Event #104	2	Observer	3	5
10	Event #105	2	Worse	2	6
10	Event #106	2	Observer	1	5
10	Event #107	2	Better	1	3
10	Event #108	2	Observer	3	7
10	Event #109	2	Remember	1	5
10	Event #110	2	Remember	2	7
10	Event #111	2	Observer	3	6
10	Event #112	2	Worse	1	3
10	Event #113	2	Better	2	4
10	Event #115	2	Worse	2	4
10	Event #117	2	Observer	1	3
10	Event #119	2	Worse	2	6
10	Event #120	2	Observer	2	3
11	Event #003	2	Worse	3	4
11	Event #005	2	Observer	3	6
11	Event #006	2	Worse	2	6
11	Event #007	2	Better	3	6
11	Event #008	2	Observer	1	6
11	Event #011	2	Worse	3	5
11	Event #014	2	Observer	2	6
11	Event #015	2	Remember	2	6
11	Event #016	2	Worse	2	4
11	Event #017	2	Better	2	6
11	Event #019	2	Remember	2	5
11	Event #021	2	Remember	3	6
11	Event #022	2	Worse	5	6
11	Event #025	2	Remember	3	6
11	Event #026	2	Remember	2	5
11	Event #027	2	Remember	3	6
11	Event #028	2	Better	2	5
11	Event #029	2	Remember	2	7
11	Event #030	2	Worse	2	5
11	Event #031	2	Remember	3	5
11	Event #032	2	Worse	2	5
11	Event #033	2	Better	2	7
11	Event #034	2	Worse	3	7
11	Event #035	2	Worse	2	6
11	Event #037	2	Remember	2	6
11	Event #038	2	Better	2	5
11	Event #040	2	Worse	1	6
11	Event #041	2	Better	2	6
11	Event #042	2	Better	1	5
11	Event #043	2	Remember	1	5
11	Event #044	2	Remember	2	4
11	Event #045	2	Worse	5	5
11	Event #046	2	Observer	2	5
11	Event #047	2	Observer	2	5
11	Event #048	2	Observer	2	7
11	Event #049	2	Remember	1	5
11	Event #050	2	Remember	2	5
11	Event #051	2	Better	2	4
11	Event #052	2	Remember	1	5
11	Event #053	2	Remember	3	6
11	Event #054	2	Worse	2	5
11	Event #055	2	Worse	3	5
11	Event #056	2	Observer	2	6
11	Event #058	2	Better	1	5
11	Event #059	2	Observer	2	7
11	Event #060	2	Better	2	6
11	Event #061	2	Remember	2	5
11	Event #062	2	Better	2	5
11	Event #063	2	Observer	3	6
11	Event #064	2	Remember	2	5
11	Event #067	2	Observer	2	6
11	Event #068	2	Worse	2	7
11	Event #069	2	Worse	3	5
11	Event #070	2	Better	2	5
11	Event #072	2	Better	2	6
11	Event #073	2	Remember	3	5
11	Event #074	2	Better	2	6
11	Event #076	2	Better	2	5
11	Event #077	2	Better	2	5
11	Event #078	2	Better	3	5
11	Event #079	2	Observer	2	5
11	Event #080	2	Observer	1	6
11	Event #081	2	Better	1	4
11	Event #083	2	Observer	2	6
11	Event #084	2	Observer	1	5
11	Event #086	2	Better	2	5
11	Event #087	2	Remember	1	6
11	Event #088	2	Remember	2	6
11	Event #089	2	Better	2	4
11	Event #090	2	Observer	2	6
11	Event #091	2	Worse	3	5
11	Event #092	2	Worse	2	6
11	Event #093	2	Observer	2	5
11	Event #094	2	Remember	2	5
11	Event #096	2	Worse	3	6
11	Event #097	2	Observer	3	6
11	Event #098	2	Observer	3	5
11	Event #099	2	Worse	2	6
11	Event #100	2	Better	3	6
11	Event #101	2	Worse	2	5
11	Event #102	2	Remember	2	6
11	Event #103	2	Better	2	7
11	Event #104	2	Observer	2	4
11	Event #105	2	Worse	4	6
11	Event #106	2	Observer	2	2
11	Event #107	2	Better	3	6
11	Event #108	2	Observer	1	4
11	Event #109	2	Remember	2	5
11	Event #110	2	Remember	2	6
11	Event #111	2	Observer	2	6
11	Event #112	2	Worse	2	4
11	Event #113	2	Better		5
11	Event #115	2	Worse	2	5
11	Event #117	2	Observer	2	6
11	Event #119	2	Worse	2	7
11	Event #120	2	Observer		6
12	Event #001	2	Better	5	6
12	Event #002	2	Observer	4	6
12	Event #003	2	Observer	5	4
12	Event #004	2	Observer	5	4
12	Event #005	2	Observer	5	5
12	Event #006	2	Worse	6	6
12	Event #008	2	Worse	6	5
12	Event #009	2	Better	6	7
12	Event #010	2	Better	3	5
12	Event #012	2	Observer	3	6
12	Event #013	2	Better	4	4
12	Event #015	2	Observer	6	4
12	Event #016	2	Observer	4	4
12	Event #017	2	Observer	6	6
12	Event #018	2	Remember	6	5
12	Event #019	2	Worse	5	5
12	Event #020	2	Observer	3	5
12	Event #021	2	Observer	4	3
12	Event #022	2	Observer	5	5
12	Event #023	2	Observer	4	5
12	Event #024	2	Remember	2	2
12	Event #025	2	Remember	5	7
12	Event #027	2	Better	3	5
12	Event #028	2	Remember		5
12	Event #029	2	Better	3	5
12	Event #030	2	Observer	3	4
12	Event #032	2	Worse	2	6
12	Event #033	2	Remember	5	5
12	Event #034	2	Better	6	6
12	Event #035	2	Worse	5	5
12	Event #036	2	Worse	2	6
12	Event #037	2	Observer	3	5
12	Event #038	2	Remember	4	4
12	Event #039	2	Observer	5	6
12	Event #040	2	Worse	3	4
12	Event #041	2	Better	3	6
12	Event #042	2	Remember		4
12	Event #044	2	Remember	5	6
12	Event #045	2	Better	5	5
12	Event #046	2	Worse	4	4
12	Event #047	2	Worse	3	6
12	Event #048	2	Remember	3	5
12	Event #049	2	Worse	2	4
12	Event #050	2	Better	4	7
12	Event #051	2	Remember	5	5
12	Event #053	2	Better	4	6
12	Event #054	2	Better	3	3
12	Event #056	2	Worse	6	5
12	Event #057	2	Remember	5	7
12	Event #058	2	Better	5	4
12	Event #060	2	Remember	3	6
12	Event #061	2	Observer	4	5
12	Event #063	2	Remember	3	5
12	Event #066	2	Better	4	5
12	Event #068	2	Worse	2	2
12	Event #069	2	Worse	5	6
12	Event #070	2	Remember	5	5
12	Event #071	2	Worse	3	5
12	Event #073	2	Remember	4	6
12	Event #074	2	Remember	6	6
12	Event #075	2	Better	4	5
12	Event #077	2	Observer	4	3
12	Event #078	2	Remember	5	6
12	Event #079	2	Observer	3	5
12	Event #080	2	Better	4	6
12	Event #081	2	Worse	3	2
12	Event #082	2	Better	2	3
12	Event #083	2	Remember	2	6
12	Event #084	2	Remember	5	5
12	Event #086	2	Remember	4	5
12	Event #087	2	Better	3	4
12	Event #088	2	Observer	4	6
12	Event #089	2	Remember	4	6
12	Event #090	2	Worse	3	3
12	Event #091	2	Observer	4	4
12	Event #092	2	Observer	3	4
12	Event #093	2	Worse	5	5
12	Event #095	2	Worse	3	6
12	Event #096	2	Better	4	6
12	Event #098	2	Worse	3	5
12	Event #099	2	Better	3	5
12	Event #100	2	Better	3	6
12	Event #101	2	Worse	4	5
12	Event #102	2	Worse	4	5
12	Event #104	2	Worse	3	2
12	Event #105	2	Observer	4	4
12	Event #106	2	Observer	3	5
12	Event #107	2	Observer	5	5
12	Event #109	2	Better	4	3
12	Event #111	2	Better	4	5
12	Event #112	2	Remember	3	5
12	Event #114	2	Better	4	6
12	Event #115	2	Remember	1	1
12	Event #116	2	Worse	4	4
12	Event #119	2	Worse	5	
12	Event #120	2	Remember	4	6
13	Event #003	2	Worse	2	7
13	Event #005	2	Observer	2	4
13	Event #006	2	Worse	6	6
13	Event #007	2	Better	6	7
13	Event #008	2	Observer	4	5
13	Event #011	2	Worse	6	6
13	Event #014	2	Observer	4	6
13	Event #015	2	Remember	2	4
13	Event #016	2	Worse	7	7
13	Event #017	2	Better	3	5
13	Event #019	2	Remember	3	5
13	Event #021	2	Remember	2	5
13	Event #022	2	Worse	4	5
13	Event #025	2	Remember	5	7
13	Event #026	2	Remember	4	1
13	Event #027	2	Remember	2	6
13	Event #028	2	Better	3	5
13	Event #029	2	Remember	6	7
13	Event #030	2	Worse	6	7
13	Event #031	2	Remember	6	7
13	Event #032	2	Worse	6	6
13	Event #033	2	Better	5	6
13	Event #034	2	Worse	2	5
13	Event #035	2	Worse	3	5
13	Event #037	2	Remember	1	5
13	Event #038	2	Better	2	5
13	Event #040	2	Worse	4	6
13	Event #041	2	Better	3	6
13	Event #042	2	Better	4	5
13	Event #043	2	Remember	5	7
13	Event #044	2	Remember	5	6
13	Event #045	2	Worse	3	5
13	Event #046	2	Observer	6	5
13	Event #047	2	Observer	3	5
13	Event #048	2	Observer	2	7
13	Event #049	2	Remember	4	7
13	Event #050	2	Remember	6	7
13	Event #051	2	Better	7	7
13	Event #052	2	Remember	6	7
13	Event #053	2	Remember	4	4
13	Event #054	2	Worse	7	7
13	Event #055	2	Worse	6	6
13	Event #056	2	Observer	2	6
13	Event #058	2	Better	5	4
13	Event #059	2	Observer	1	5
13	Event #060	2	Better	5	5
13	Event #061	2	Remember	3	7
13	Event #062	2	Better	4	6
13	Event #063	2	Observer	5	6
13	Event #064	2	Remember	6	7
13	Event #067	2	Observer	4	3
13	Event #068	2	Worse	4	5
13	Event #069	2	Worse	6	6
13	Event #070	2	Better	6	5
13	Event #072	2	Better	4	7
13	Event #073	2	Remember	4	7
13	Event #074	2	Better	5	6
13	Event #076	2	Better	5	3
13	Event #077	2	Better	3	5
13	Event #078	2	Better	2	5
13	Event #079	2	Observer	1	4
13	Event #080	2	Observer	1	6
13	Event #081	2	Better	3	5
13	Event #083	2	Observer	3	4
13	Event #084	2	Observer	3	6
13	Event #086	2	Better	5	6
13	Event #087	2	Remember	5	7
13	Event #088	2	Remember	2	6
13	Event #089	2	Better	2	6
13	Event #090	2	Observer	2	5
13	Event #091	2	Worse	2	4
13	Event #092	2	Worse	4	5
13	Event #093	2	Observer	4	3
13	Event #094	2	Remember	6	7
13	Event #096	2	Worse	5	5
13	Event #097	2	Observer	5	7
13	Event #098	2	Observer	5	7
13	Event #099	2	Worse	4	3
13	Event #100	2	Better	5	5
13	Event #101	2	Worse	5	7
13	Event #102	2	Remember	5	5
13	Event #103	2	Better	3	5
13	Event #104	2	Observer	3	5
13	Event #105	2	Worse	3	5
13	Event #106	2	Observer	4	7
13	Event #107	2	Better	5	6
13	Event #108	2	Observer	1	2
13	Event #109	2	Remember	1	5
13	Event #110	2	Remember	3	5
13	Event #111	2	Observer	2	6
13	Event #112	2	Worse	6	5
13	Event #113	2	Better	4	5
13	Event #115	2	Worse	3	5
13	Event #117	2	Observer	2	3
13	Event #119	2	Worse	5	4
13	Event #120	2	Observer	3	5
14	Event #001	2	Better	4	4
14	Event #002	2	Observer	5	5
14	Event #003	2	Observer	2	5
14	Event #004	2	Observer	5	4
14	Event #005	2	Observer	1	6
14	Event #006	2	Worse	5	5
14	Event #008	2	Worse	1	5
14	Event #009	2	Better	4	5
14	Event #010	2	Better	6	6
14	Event #012	2	Observer	5	4
14	Event #013	2	Better	3	4
14	Event #015	2	Observer	5	5
14	Event #016	2	Observer	1	5
14	Event #017	2	Observer	2	4
14	Event #018	2	Remember	1	5
14	Event #019	2	Worse	5	5
14	Event #020	2	Observer	3	4
14	Event #021	2	Observer	4	5
14	Event #022	2	Observer	4	5
14	Event #023	2	Observer	3	5
14	Event #024	2	Remember	2	6
14	Event #025	2	Remember	2	5
14	Event #027	2	Better	1	1
14	Event #028	2	Remember	3	1
14	Event #029	2	Better	5	2
14	Event #030	2	Observer	3	3
14	Event #032	2	Worse	7	1
14	Event #033	2	Remember	1	5
14	Event #034	2	Better	6	5
14	Event #035	2	Worse	2	2
14	Event #036	2	Worse	2	2
14	Event #037	2	Observer	2	4
14	Event #038	2	Remember	4	5
14	Event #039	2	Observer	4	4
14	Event #040	2	Worse	3	4
14	Event #041	2	Better	4	3
14	Event #042	2	Remember	2	2
14	Event #044	2	Remember	3	4
14	Event #045	2	Better	5	5
14	Event #046	2	Worse	3	4
14	Event #047	2	Worse	4	5
14	Event #048	2	Remember	5	6
14	Event #049	2	Worse	5	5
14	Event #050	2	Better	4	5
14	Event #051	2	Remember	2	5
14	Event #053	2	Better	5	4
14	Event #054	2	Better	2	5
14	Event #056	2	Worse	4	1
14	Event #057	2	Remember	5	4
14	Event #058	2	Better	5	1
14	Event #060	2	Remember	4	4
14	Event #061	2	Observer	2	2
14	Event #063	2	Remember	3	5
14	Event #066	2	Better	6	5
14	Event #068	2	Worse	4	2
14	Event #069	2	Worse	2	4
14	Event #070	2	Remember	3	4
14	Event #071	2	Worse	3	4
14	Event #073	2	Remember	4	4
14	Event #074	2	Remember	4	4
14	Event #075	2	Better	4	4
14	Event #077	2	Observer	4	5
14	Event #078	2	Remember	2	6
14	Event #079	2	Observer	6	5
14	Event #080	2	Better	2	5
14	Event #081	2	Worse	5	5
14	Event #082	2	Better	4	6
14	Event #083	2	Remember	5	5
14	Event #084	2	Remember	1	5
14	Event #086	2	Remember	5	5
14	Event #087	2	Better	2	5
14	Event #088	2	Observer	5	6
14	Event #089	2	Remember	1	5
14	Event #090	2	Worse	3	5
14	Event #091	2	Observer	4	4
14	Event #092	2	Observer	2	5
14	Event #093	2	Worse	5	5
14	Event #095	2	Worse	3	6
14	Event #096	2	Better	6	5
14	Event #098	2	Worse	4	5
14	Event #099	2	Better	2	5
14	Event #100	2	Better	4	5
14	Event #101	2	Worse	5	5
14	Event #102	2	Worse	2	5
14	Event #104	2	Worse	2	5
14	Event #105	2	Observer	4	4
14	Event #106	2	Observer	5	5
14	Event #107	2	Observer	2	5
14	Event #109	2	Better	3	5
14	Event #111	2	Better	5	5
14	Event #112	2	Remember	4	4
14	Event #114	2	Better	2	5
14	Event #115	2	Remember	2	5
14	Event #116	2	Worse	5	5
14	Event #119	2	Worse	4	5
14	Event #120	2	Remember	2	5
16	Event #003	2	Worse		5
16	Event #005	2	Observer	6	5
16	Event #006	2	Worse	5	6
16	Event #007	2	Better	3	4
16	Event #008	2	Observer	3	5
16	Event #011	2	Worse	2	5
16	Event #014	2	Observer		2
16	Event #015	2	Remember	5	3
16	Event #016	2	Worse	4	5
16	Event #017	2	Better	5	4
16	Event #019	2	Remember	5	5
16	Event #021	2	Remember	5	3
16	Event #022	2	Worse		3
16	Event #025	2	Remember	4	3
16	Event #026	2	Remember	4	6
16	Event #027	2	Remember	5	6
16	Event #028	2	Better	3	4
16	Event #029	2	Remember		5
16	Event #030	2	Worse	5	5
16	Event #031	2	Remember	6	5
16	Event #032	2	Worse	4	3
16	Event #033	2	Better	2	3
16	Event #034	2	Worse	3	4
16	Event #035	2	Worse	6	5
16	Event #037	2	Remember	6	6
16	Event #038	2	Better	3	6
16	Event #040	2	Worse	4	3
16	Event #041	2	Better	4	2
16	Event #042	2	Better	3	5
16	Event #043	2	Remember	3	3
16	Event #044	2	Remember	5	5
16	Event #045	2	Worse	5	6
16	Event #046	2	Observer	4	3
16	Event #047	2	Observer	3	3
16	Event #048	2	Observer	3	3
16	Event #049	2	Remember	4	5
16	Event #050	2	Remember	3	4
16	Event #051	2	Better	2	3
16	Event #052	2	Remember	5	4
16	Event #053	2	Remember	5	5
16	Event #054	2	Worse	5	5
16	Event #055	2	Worse	3	3
16	Event #056	2	Observer	4	3
16	Event #058	2	Better	3	2
16	Event #059	2	Observer	4	4
16	Event #060	2	Better		3
16	Event #061	2	Remember	5	6
16	Event #062	2	Better	3	6
16	Event #063	2	Observer	3	4
16	Event #064	2	Remember	4	3
16	Event #067	2	Observer	3	3
16	Event #068	2	Worse	4	3
16	Event #069	2	Worse	4	4
16	Event #070	2	Better	3	5
16	Event #072	2	Better	1	
16	Event #073	2	Remember	5	5
16	Event #074	2	Better	2	3
16	Event #076	2	Better	5	5
16	Event #077	2	Better	4	4
16	Event #078	2	Better		3
16	Event #079	2	Observer	3	5
16	Event #080	2	Observer	4	3
16	Event #081	2	Better	4	3
16	Event #083	2	Observer	3	3
16	Event #084	2	Observer	2	3
16	Event #086	2	Better	3	3
16	Event #087	2	Remember	3	4
16	Event #088	2	Remember	2	2
16	Event #089	2	Better	3	5
16	Event #090	2	Observer	4	5
16	Event #091	2	Worse	5	5
16	Event #092	2	Worse	5	4
16	Event #093	2	Observer	6	5
16	Event #094	2	Remember	2	4
16	Event #096	2	Worse	5	5
16	Event #097	2	Observer	5	3
16	Event #098	2	Observer	2	2
16	Event #099	2	Worse	5	3
16	Event #100	2	Better	3	5
16	Event #101	2	Worse	3	2
16	Event #102	2	Remember	5	4
16	Event #103	2	Better	3	4
16	Event #104	2	Observer	5	4
16	Event #105	2	Worse	2	1
16	Event #106	2	Observer	6	4
16	Event #107	2	Better	2	4
16	Event #108	2	Observer	4	4
16	Event #109	2	Remember	2	2
16	Event #110	2	Remember	3	3
16	Event #111	2	Observer	3	5
16	Event #112	2	Worse	2	2
16	Event #113	2	Better	4	
16	Event #115	2	Worse	5	5
16	Event #117	2	Observer	4	5
16	Event #119	2	Worse	2	1
16	Event #120	2	Observer	3	3
17	Event #001	2	Better	6	7
17	Event #002	2	Observer	5	4
17	Event #003	2	Observer	5	5
17	Event #004	2	Observer	3	5
17	Event #005	2	Observer	5	4
17	Event #006	2	Worse	6	4
17	Event #008	2	Worse	7	6
17	Event #009	2	Better	4	4
17	Event #010	2	Better	3	4
17	Event #012	2	Observer	7	6
17	Event #013	2	Better	7	6
17	Event #015	2	Observer	6	6
17	Event #016	2	Observer	3	5
17	Event #017	2	Observer	3	4
17	Event #018	2	Remember	7	6
17	Event #019	2	Worse	7	6
17	Event #020	2	Observer	2	6
17	Event #021	2	Observer	2	4
17	Event #022	2	Observer	4	4
17	Event #023	2	Observer	4	4
17	Event #024	2	Remember	3	5
17	Event #025	2	Remember	6	6
17	Event #027	2	Better	5	4
17	Event #028	2	Remember	4	3
17	Event #029	2	Better	5	5
17	Event #030	2	Observer	2	5
17	Event #032	2	Worse	4	3
17	Event #033	2	Remember	4	6
17	Event #034	2	Better	6	3
17	Event #035	2	Worse	4	5
17	Event #036	2	Worse	5	5
17	Event #037	2	Observer	3	4
17	Event #038	2	Remember	4	5
17	Event #039	2	Observer	2	4
17	Event #040	2	Worse	3	3
17	Event #041	2	Better	4	4
17	Event #042	2	Remember	5	5
17	Event #044	2	Remember	6	6
17	Event #045	2	Better	3	4
17	Event #046	2	Worse	7	5
17	Event #047	2	Worse	2	3
17	Event #048	2	Remember	2	2
17	Event #049	2	Worse	6	4
17	Event #050	2	Better	4	2
17	Event #051	2	Remember	5	2
17	Event #053	2	Better	1	4
17	Event #054	2	Better	3	4
17	Event #056	2	Worse	2	3
17	Event #057	2	Remember	3	5
17	Event #058	2	Better	3	3
17	Event #060	2	Remember	2	3
17	Event #061	2	Observer	2	3
17	Event #063	2	Remember	4	4
17	Event #066	2	Better	5	4
17	Event #068	2	Worse	4	4
17	Event #069	2	Worse	4	4
17	Event #070	2	Remember	2	5
17	Event #071	2	Worse	6	4
17	Event #073	2	Remember	6	5
17	Event #074	2	Remember	3	3
17	Event #075	2	Better	5	3
17	Event #077	2	Observer	3	5
17	Event #078	2	Remember	7	6
17	Event #079	2	Observer	5	3
17	Event #080	2	Better	3	3
17	Event #081	2	Worse	4	3
17	Event #082	2	Better	2	3
17	Event #083	2	Remember	5	3
17	Event #084	2	Remember	2	3
17	Event #086	2	Remember	5	4
17	Event #087	2	Better	5	3
17	Event #088	2	Observer	4	7
17	Event #089	2	Remember	4	4
17	Event #090	2	Worse	3	3
17	Event #091	2	Observer	2	3
17	Event #092	2	Observer		3
17	Event #093	2	Worse	6	6
17	Event #095	2	Worse	4	3
17	Event #096	2	Better	6	5
17	Event #098	2	Worse	5	3
17	Event #099	2	Better	3	3
17	Event #100	2	Better	4	4
17	Event #101	2	Worse	5	3
17	Event #102	2	Worse	4	5
17	Event #104	2	Worse	7	4
17	Event #105	2	Observer	4	4
17	Event #106	2	Observer	1	3
17	Event #107	2	Observer	2	4
17	Event #109	2	Better	2	6
17	Event #111	2	Better	2	5
17	Event #112	2	Remember	2	2
17	Event #114	2	Better	5	6
17	Event #115	2	Remember	3	3
17	Event #116	2	Worse	5	3
17	Event #119	2	Worse	6	3
17	Event #120	2	Remember	7	7
18	Event #001	2	Better	4	4
18	Event #002	2	Observer	7	7
18	Event #003	2	Observer	2	5
18	Event #004	2	Observer	4	5
18	Event #005	2	Observer	7	6
18	Event #006	2	Worse	7	6
18	Event #008	2	Worse	6	7
18	Event #009	2	Better	3	5
18	Event #010	2	Better	4	6
18	Event #012	2	Observer	5	6
18	Event #013	2	Better	4	6
18	Event #015	2	Observer	5	7
18	Event #016	2	Observer	5	6
18	Event #017	2	Observer	3	5
18	Event #018	2	Remember	7	6
18	Event #019	2	Worse	5	6
18	Event #020	2	Observer	6	5
18	Event #021	2	Observer	3	5
18	Event #022	2	Observer	3	4
18	Event #023	2	Observer	5	5
18	Event #024	2	Remember	5	7
18	Event #025	2	Remember	4	7
18	Event #027	2	Better	2	6
18	Event #028	2	Remember	5	5
18	Event #029	2	Better	4	6
18	Event #030	2	Observer	1	6
18	Event #032	2	Worse	4	6
18	Event #033	2	Remember	3	6
18	Event #034	2	Better	5	4
18	Event #035	2	Worse	4	5
18	Event #036	2	Worse	5	7
18	Event #037	2	Observer	3	4
18	Event #038	2	Remember	3	4
18	Event #039	2	Observer	5	5
18	Event #040	2	Worse	6	7
18	Event #041	2	Better	3	4
18	Event #042	2	Remember	7	6
18	Event #044	2	Remember	3	7
18	Event #045	2	Better	3	7
18	Event #046	2	Worse	4	5
18	Event #047	2	Worse	6	6
18	Event #048	2	Remember	3	4
18	Event #049	2	Worse	2	7
18	Event #050	2	Better	2	6
18	Event #051	2	Remember	4	
18	Event #053	2	Better	3	4
18	Event #054	2	Better	5	6
18	Event #056	2	Worse	6	4
18	Event #057	2	Remember	5	7
18	Event #058	2	Better	3	5
18	Event #060	2	Remember	5	5
18	Event #061	2	Observer	3	5
18	Event #063	2	Remember	4	5
18	Event #066	2	Better	4	5
18	Event #068	2	Worse	4	5
18	Event #069	2	Worse	5	6
18	Event #070	2	Remember	5	4
18	Event #071	2	Worse	5	7
18	Event #073	2	Remember	5	5
18	Event #074	2	Remember	5	6
18	Event #075	2	Better	5	6
18	Event #077	2	Observer	4	3
18	Event #078	2	Remember	5	5
18	Event #079	2	Observer	6	6
18	Event #080	2	Better	3	
18	Event #081	2	Worse	5	6
18	Event #082	2	Better	3	4
18	Event #083	2	Remember	6	6
18	Event #084	2	Remember	5	6
18	Event #086	2	Remember	5	5
18	Event #087	2	Better	3	7
18	Event #088	2	Observer	3	6
18	Event #089	2	Remember	3	5
18	Event #090	2	Worse	4	6
18	Event #091	2	Observer	5	5
18	Event #092	2	Observer	6	6
18	Event #093	2	Worse	6	6
18	Event #095	2	Worse	4	5
18	Event #096	2	Better	2	6
18	Event #098	2	Worse	6	5
18	Event #099	2	Better	5	6
18	Event #100	2	Better	3	
18	Event #101	2	Worse	4	5
18	Event #102	2	Worse	4	5
18	Event #104	2	Worse	6	5
18	Event #105	2	Observer	2	5
18	Event #106	2	Observer	5	6
18	Event #107	2	Observer	4	6
18	Event #109	2	Better	2	4
18	Event #111	2	Better	4	5
18	Event #112	2	Remember	3	5
18	Event #114	2	Better	3	4
18	Event #115	2	Remember	2	7
18	Event #116	2	Worse	5	4
18	Event #119	2	Worse	6	5
18	Event #120	2	Remember	6	5
19	Event #003	2	Worse	4	2
19	Event #005	2	Observer	2	3
19	Event #006	2	Worse	1	3
19	Event #007	2	Better	3	2
19	Event #008	2	Observer	2	4
19	Event #011	2	Worse	4	2
19	Event #014	2	Observer	3	4
19	Event #015	2	Remember	3	4
19	Event #016	2	Worse	2	
19	Event #017	2	Better	3	2
19	Event #019	2	Remember	5	5
19	Event #021	2	Remember	3	2
19	Event #022	2	Worse	3	1
19	Event #025	2	Remember	2	5
19	Event #026	2	Remember	1	2
19	Event #027	2	Remember	4	3
19	Event #028	2	Better	2	2
19	Event #029	2	Remember	4	5
19	Event #030	2	Worse	6	4
19	Event #031	2	Remember	2	2
19	Event #032	2	Worse	3	1
19	Event #033	2	Better	3	2
19	Event #034	2	Worse	3	3
19	Event #035	2	Worse	3	2
19	Event #037	2	Remember	2	4
19	Event #038	2	Better	4	2
19	Event #040	2	Worse	3	4
19	Event #041	2	Better	3	5
19	Event #042	2	Better		3
19	Event #043	2	Remember	2	4
19	Event #044	2	Remember	3	2
19	Event #045	2	Worse	4	2
19	Event #046	2	Observer	3	2
19	Event #047	2	Observer	4	5
19	Event #048	2	Observer	4	4
19	Event #049	2	Remember	3	2
19	Event #050	2	Remember	3	2
19	Event #051	2	Better	4	4
19	Event #052	2	Remember	4	3
19	Event #053	2	Remember	5	3
19	Event #054	2	Worse	5	3
19	Event #055	2	Worse	5	4
19	Event #056	2	Observer	2	1
19	Event #058	2	Better	3	2
19	Event #059	2	Observer	5	3
19	Event #060	2	Better	4	2
19	Event #061	2	Remember	3	5
19	Event #062	2	Better	3	2
19	Event #063	2	Observer	3	2
19	Event #064	2	Remember	4	3
19	Event #067	2	Observer	2	4
19	Event #068	2	Worse	3	2
19	Event #069	2	Worse	6	4
19	Event #070	2	Better	3	1
19	Event #072	2	Better	2	3
19	Event #073	2	Remember	3	2
19	Event #074	2	Better	4	4
19	Event #076	2	Better	3	2
19	Event #077	2	Better	4	
19	Event #078	2	Better	3	2
19	Event #079	2	Observer	3	2
19	Event #080	2	Observer	4	6
19	Event #081	2	Better	2	4
19	Event #083	2	Observer	3	5
19	Event #084	2	Observer	5	6
19	Event #086	2	Better	2	1
19	Event #087	2	Remember	2	4
19	Event #088	2	Remember	3	3
19	Event #089	2	Better	4	3
19	Event #090	2	Observer	2	3
19	Event #091	2	Worse	3	1
19	Event #092	2	Worse	4	3
19	Event #093	2	Observer	3	5
19	Event #094	2	Remember	2	4
19	Event #096	2	Worse	4	4
19	Event #097	2	Observer	1	2
19	Event #098	2	Observer	2	4
19	Event #099	2	Worse	4	
19	Event #100	2	Better	1	2
19	Event #101	2	Worse	3	1
19	Event #102	2	Remember	4	4
19	Event #103	2	Better	3	3
19	Event #104	2	Observer	2	2
19	Event #105	2	Worse	4	2
19	Event #106	2	Observer	1	2
19	Event #107	2	Better	4	4
19	Event #108	2	Observer	1	3
19	Event #109	2	Remember	2	2
19	Event #110	2	Remember	3	4
19	Event #111	2	Observer	1	2
19	Event #112	2	Worse	2	
19	Event #113	2	Better	2	3
19	Event #115	2	Worse	1	2
19	Event #117	2	Observer	2	5
19	Event #119	2	Worse	5	4
19	Event #120	2	Observer	4	5
20	Event #001	2	Better	5	6
20	Event #002	2	Observer	5	6
20	Event #003	2	Observer	5	6
20	Event #004	2	Observer	5	6
20	Event #005	2	Observer		5
20	Event #006	2	Worse	5	2
20	Event #008	2	Worse	2	5
20	Event #009	2	Better	4	5
20	Event #010	2	Better	2	4
20	Event #012	2	Observer	5	7
20	Event #013	2	Better	2	6
20	Event #015	2	Observer	6	5
20	Event #016	2	Observer	5	6
20	Event #017	2	Observer	2	5
20	Event #018	2	Remember	5	6
20	Event #019	2	Worse	6	5
20	Event #020	2	Observer	6	7
20	Event #021	2	Observer	1	6
20	Event #022	2	Observer	4	6
20	Event #023	2	Observer	6	5
20	Event #024	2	Remember	5	5
20	Event #025	2	Remember	7	7
20	Event #027	2	Better	4	5
20	Event #028	2	Remember	7	7
20	Event #029	2	Better	6	6
20	Event #030	2	Observer	5	6
20	Event #032	2	Worse	7	7
20	Event #033	2	Remember	6	5
20	Event #034	2	Better	1	6
20	Event #035	2	Worse	6	5
20	Event #036	2	Worse	5	7
20	Event #037	2	Observer	6	5
20	Event #038	2	Remember	7	7
20	Event #039	2	Observer	4	5
20	Event #040	2	Worse	5	3
20	Event #041	2	Better	2	5
20	Event #042	2	Remember	5	6
20	Event #044	2	Remember	5	7
20	Event #045	2	Better	4	5
20	Event #046	2	Worse	5	6
20	Event #047	2	Worse	7	7
20	Event #048	2	Remember	2	6
20	Event #049	2	Worse	7	7
20	Event #050	2	Better	5	7
20	Event #051	2	Remember	4	5
20	Event #053	2	Better	4	5
20	Event #054	2	Better	1	5
20	Event #056	2	Worse	5	5
20	Event #057	2	Remember	6	6
20	Event #058	2	Better	6	7
20	Event #060	2	Remember	7	6
20	Event #061	2	Observer	5	6
20	Event #063	2	Remember	7	7
20	Event #066	2	Better	5	7
20	Event #068	2	Worse	6	5
20	Event #069	2	Worse	4	4
20	Event #070	2	Remember	6	5
20	Event #071	2	Worse	7	6
20	Event #073	2	Remember	5	6
20	Event #074	2	Remember	2	5
20	Event #075	2	Better	2	5
20	Event #077	2	Observer	5	2
20	Event #078	2	Remember	5	6
20	Event #079	2	Observer	5	7
20	Event #080	2	Better	7	7
20	Event #081	2	Worse	6	6
20	Event #082	2	Better	7	6
20	Event #083	2	Remember	3	6
20	Event #084	2	Remember	5	6
20	Event #086	2	Remember	4	5
20	Event #087	2	Better	3	5
20	Event #088	2	Observer	5	6
20	Event #089	2	Remember	6	7
20	Event #090	2	Worse	6	7
20	Event #091	2	Observer	6	7
20	Event #092	2	Observer	7	5
20	Event #093	2	Worse	7	7
20	Event #095	2	Worse	2	5
20	Event #096	2	Better	7	6
20	Event #098	2	Worse	6	1
20	Event #099	2	Better	3	6
20	Event #100	2	Better	5	4
20	Event #101	2	Worse	7	7
20	Event #102	2	Worse	7	7
20	Event #104	2	Worse	6	7
20	Event #105	2	Observer	5	6
20	Event #106	2	Observer	6	7
20	Event #107	2	Observer	5	6
20	Event #109	2	Better	1	7
20	Event #111	2	Better	5	6
20	Event #112	2	Remember	4	6
20	Event #114	2	Better	6	5
20	Event #115	2	Remember	6	5
20	Event #116	2	Worse	6	6
20	Event #119	2	Worse	5	2
20	Event #120	2	Remember	3	7
21	Event #003	2	Worse	1	7
21	Event #005	2	Observer	2	6
21	Event #006	2	Worse	2	7
21	Event #007	2	Better	1	6
21	Event #008	2	Observer	3	7
21	Event #011	2	Worse	1	5
21	Event #014	2	Observer	2	6
21	Event #015	2	Remember	5	5
21	Event #016	2	Worse	2	6
21	Event #017	2	Better	2	6
21	Event #019	2	Remember	2	5
21	Event #021	2	Remember	4	6
21	Event #022	2	Worse	6	5
21	Event #025	2	Remember	3	5
21	Event #026	2	Remember	1	6
21	Event #027	2	Remember	3	7
21	Event #028	2	Better	2	5
21	Event #029	2	Remember	6	6
21	Event #030	2	Worse	1	7
21	Event #031	2	Remember	1	6
21	Event #032	2	Worse	1	7
21	Event #033	2	Better	5	6
21	Event #034	2	Worse	5	7
21	Event #035	2	Worse	3	6
21	Event #037	2	Remember	4	6
21	Event #038	2	Better	1	6
21	Event #040	2	Worse	3	
21	Event #041	2	Better	3	6
21	Event #042	2	Better	1	5
21	Event #043	2	Remember	4	6
21	Event #044	2	Remember	6	6
21	Event #045	2	Worse	2	6
21	Event #046	2	Observer	6	
21	Event #047	2	Observer	6	
21	Event #048	2	Observer	1	6
21	Event #049	2	Remember	4	5
21	Event #050	2	Remember	2	5
21	Event #051	2	Better	2	5
21	Event #052	2	Remember	4	6
21	Event #053	2	Remember	4	7
21	Event #054	2	Worse	1	6
21	Event #055	2	Worse	2	6
21	Event #056	2	Observer	3	5
21	Event #058	2	Better	4	6
21	Event #059	2	Observer	3	
21	Event #060	2	Better	1	6
21	Event #061	2	Remember	1	5
21	Event #062	2	Better	2	6
21	Event #063	2	Observer	3	6
21	Event #064	2	Remember	4	5
21	Event #067	2	Observer	2	6
21	Event #068	2	Worse	2	6
21	Event #069	2	Worse	5	6
21	Event #070	2	Better	6	6
21	Event #072	2	Better	3	6
21	Event #073	2	Remember	4	6
21	Event #074	2	Better	2	7
21	Event #076	2	Better	3	5
21	Event #077	2	Better		6
21	Event #078	2	Better	2	5
21	Event #079	2	Observer	1	5
21	Event #080	2	Observer	7	7
21	Event #081	2	Better	2	5
21	Event #083	2	Observer	1	4
21	Event #084	2	Observer	1	5
21	Event #086	2	Better	1	6
21	Event #087	2	Remember	4	7
21	Event #088	2	Remember	1	6
21	Event #089	2	Better	2	6
21	Event #090	2	Observer	1	6
21	Event #091	2	Worse	2	6
21	Event #092	2	Worse	6	5
21	Event #093	2	Observer	4	4
21	Event #094	2	Remember	2	5
21	Event #096	2	Worse	2	6
21	Event #097	2	Observer	1	5
21	Event #098	2	Observer	2	6
21	Event #099	2	Worse	3	7
21	Event #100	2	Better	1	7
21	Event #101	2	Worse	1	5
21	Event #102	2	Remember	3	6
21	Event #103	2	Better	5	6
21	Event #104	2	Observer	3	6
21	Event #105	2	Worse	2	5
21	Event #106	2	Observer	5	7
21	Event #107	2	Better	2	6
21	Event #108	2	Observer	2	5
21	Event #109	2	Remember	4	6
21	Event #110	2	Remember	2	5
21	Event #111	2	Observer	3	6
21	Event #112	2	Worse	3	6
21	Event #113	2	Better	2	2
21	Event #115	2	Worse	1	7
21	Event #117	2	Observer	4	5
21	Event #119	2	Worse	2	7
21	Event #120	2	Observer	4	2
22	Event #002	2	Remember	6	6
22	Event #003	2	Worse	5	6
22	Event #004	2	Worse	6	6
22	Event #005	2	Worse		5
22	Event #007	2	Better	5	6
22	Event #008	2	Observer	4	6
22	Event #010	2	Observer	3	6
22	Event #011	2	Remember	2	6
22	Event #012	2	Remember	4	3
22	Event #013	2	Worse	6	6
22	Event #014	2	Worse	5	6
22	Event #015	2	Remember	7	7
22	Event #016	2	Remember	4	6
22	Event #017	2	Better	5	7
22	Event #019	2	Better	7	6
22	Event #021	2	Worse	6	3
22	Event #022	2	Better	1	6
22	Event #023	2	Worse	7	6
22	Event #024	2	Remember	6	7
22	Event #025	2	Observer	5	
22	Event #028	2	Remember	5	7
22	Event #029	2	Remember	5	5
22	Event #030	2	Worse	7	6
22	Event #032	2	Remember	1	6
22	Event #034	2	Better	5	6
22	Event #036	2	Observer	2	1
22	Event #038	2	Remember	6	7
22	Event #039	2	Worse	2	6
22	Event #040	2	Observer	7	6
22	Event #041	2	Worse	6	7
22	Event #042	2	Worse	5	3
22	Event #043	2	Worse	7	5
22	Event #044	2	Observer	5	3
22	Event #045	2	Better	6	5
22	Event #046	2	Worse	7	7
22	Event #047	2	Observer	5	6
22	Event #048	2	Observer	5	4
22	Event #049	2	Better	1	2
22	Event #050	2	Better	7	7
22	Event #051	2	Remember	2	5
22	Event #052	2	Remember	2	6
22	Event #054	2	Remember	6	6
22	Event #055	2	Observer	6	5
22	Event #056	2	Better	6	
22	Event #059	2	Better	7	6
22	Event #062	2	Better	2	6
22	Event #063	2	Worse	6	5
22	Event #064	2	Better	5	6
22	Event #065	2	Remember	1	5
22	Event #066	2	Better	5	3
22	Event #067	2	Remember	5	6
22	Event #068	2	Observer	2	4
22	Event #069	2	Observer	7	5
22	Event #070	2	Better	7	6
22	Event #071	2	Observer	2	3
22	Event #073	2	Worse	4	6
22	Event #074	2	Remember	5	6
22	Event #075	2	Remember	5	6
22	Event #076	2	Observer	5	3
22	Event #077	2	Better		6
22	Event #078	2	Worse	5	6
22	Event #079	2	Observer	2	6
22	Event #080	2	Better	3	6
22	Event #081	2	Better	5	6
22	Event #082	2	Observer	6	5
22	Event #083	2	Better	7	6
22	Event #084	2	Remember	3	4
22	Event #086	2	Remember	5	4
22	Event #087	2	Worse	3	2
22	Event #088	2	Observer	4	2
22	Event #089	2	Remember	7	6
22	Event #090	2	Observer	2	5
22	Event #091	2	Worse	5	6
22	Event #092	2	Remember	5	2
22	Event #093	2	Observer	2	1
22	Event #094	2	Remember	3	6
22	Event #095	2	Worse	6	3
22	Event #096	2	Better	7	6
22	Event #097	2	Worse	6	7
22	Event #099	2	Worse	1	1
22	Event #101	2	Better	1	1
22	Event #102	2	Observer		5
22	Event #103	2	Remember	1	1
22	Event #105	2	Better	2	3
22	Event #106	2	Better	5	6
22	Event #107	2	Observer	7	6
22	Event #108	2	Better	1	1
22	Event #109	2	Worse	7	6
22	Event #111	2	Observer	7	6
22	Event #112	2	Worse	2	5
22	Event #113	2	Observer		6
22	Event #114	2	Observer	7	6
22	Event #115	2	Better	5	6
22	Event #116	2	Worse	4	3
22	Event #118	2	Remember	6	4
22	Event #119	2	Observer	7	6
23	Event #003	2	Worse	4	6
23	Event #005	2	Observer	4	6
23	Event #006	2	Worse	6	5
23	Event #007	2	Better	2	6
23	Event #008	2	Observer	6	6
23	Event #011	2	Worse	6	6
23	Event #014	2	Observer	4	6
23	Event #015	2	Remember	4	4
23	Event #016	2	Worse	6	5
23	Event #017	2	Better	4	6
23	Event #019	2	Remember	2	4
23	Event #021	2	Remember	5	6
23	Event #022	2	Worse	6	5
23	Event #025	2	Remember	3	6
23	Event #026	2	Remember	5	6
23	Event #027	2	Remember	6	6
23	Event #028	2	Better	7	5
23	Event #029	2	Remember	6	4
23	Event #030	2	Worse	6	4
23	Event #031	2	Remember	2	4
23	Event #032	2	Worse	6	6
23	Event #033	2	Better	6	4
23	Event #034	2	Worse	7	6
23	Event #035	2	Worse	6	5
23	Event #037	2	Remember	6	7
23	Event #038	2	Better		5
23	Event #040	2	Worse	5	4
23	Event #041	2	Better	3	4
23	Event #042	2	Better	6	6
23	Event #043	2	Remember	4	3
23	Event #044	2	Remember	2	4
23	Event #045	2	Worse	6	4
23	Event #046	2	Observer	3	3
23	Event #047	2	Observer	3	4
23	Event #048	2	Observer	3	3
23	Event #049	2	Remember	6	4
23	Event #050	2	Remember	5	6
23	Event #051	2	Better		5
23	Event #052	2	Remember	4	7
23	Event #053	2	Remember	7	6
23	Event #054	2	Worse	6	6
23	Event #055	2	Worse	5	6
23	Event #056	2	Observer	3	4
23	Event #058	2	Better	5	6
23	Event #059	2	Observer	2	3
23	Event #060	2	Better	1	6
23	Event #061	2	Remember	6	4
23	Event #062	2	Better	2	5
23	Event #063	2	Observer	2	6
23	Event #064	2	Remember	5	3
23	Event #067	2	Observer	4	6
23	Event #068	2	Worse	6	4
23	Event #069	2	Worse	6	5
23	Event #070	2	Better	6	5
23	Event #072	2	Better	4	5
23	Event #073	2	Remember	5	6
23	Event #074	2	Better	3	5
23	Event #076	2	Better		4
23	Event #077	2	Better	4	4
23	Event #078	2	Better	2	5
23	Event #079	2	Observer	2	2
23	Event #080	2	Observer	2	5
23	Event #081	2	Better	6	6
23	Event #083	2	Observer	2	4
23	Event #084	2	Observer	2	4
23	Event #086	2	Better	2	3
23	Event #087	2	Remember	5	4
23	Event #088	2	Remember	6	6
23	Event #089	2	Better	2	5
23	Event #090	2	Observer	2	4
23	Event #091	2	Worse	6	6
23	Event #092	2	Worse	5	
23	Event #093	2	Observer	4	4
23	Event #094	2	Remember	6	5
23	Event #096	2	Worse	4	6
23	Event #097	2	Observer	5	5
23	Event #098	2	Observer	6	4
23	Event #099	2	Worse	6	7
23	Event #100	2	Better	3	5
23	Event #101	2	Worse	6	4
23	Event #102	2	Remember	6	6
23	Event #103	2	Better	3	5
23	Event #104	2	Observer		3
23	Event #105	2	Worse	6	3
23	Event #106	2	Observer	3	5
23	Event #107	2	Better	2	6
23	Event #108	2	Observer	3	6
23	Event #109	2	Remember	4	6
23	Event #110	2	Remember	2	5
23	Event #111	2	Observer	1	5
23	Event #112	2	Worse	5	4
23	Event #113	2	Better	3	6
23	Event #115	2	Worse	6	5
23	Event #117	2	Observer	5	5
23	Event #119	2	Worse	6	5
23	Event #120	2	Observer	5	2
24	Event #003	2	Worse	7	6
24	Event #005	2	Observer	6	5
24	Event #006	2	Worse	7	6
24	Event #007	2	Better	3	6
24	Event #008	2	Observer	4	3
24	Event #011	2	Worse	7	5
24	Event #014	2	Observer	7	6
24	Event #015	2	Remember	6	4
24	Event #016	2	Worse	6	2
24	Event #017	2	Better	5	4
24	Event #019	2	Remember	6	6
24	Event #021	2	Remember	4	3
24	Event #022	2	Worse	6	3
24	Event #025	2	Remember	5	4
24	Event #026	2	Remember	7	5
24	Event #027	2	Remember	2	3
24	Event #028	2	Better	6	3
24	Event #029	2	Remember	7	6
24	Event #030	2	Worse	6	3
24	Event #031	2	Remember	7	4
24	Event #032	2	Worse	4	2
24	Event #033	2	Better	3	4
24	Event #034	2	Worse	7	3
24	Event #035	2	Worse	6	2
24	Event #037	2	Remember	5	7
24	Event #038	2	Better	4	3
24	Event #040	2	Worse	5	1
24	Event #041	2	Better	7	3
24	Event #042	2	Better	6	3
24	Event #043	2	Remember	6	3
24	Event #044	2	Remember	3	5
24	Event #045	2	Worse	6	4
24	Event #046	2	Observer	7	3
24	Event #047	2	Observer	5	3
24	Event #048	2	Observer	3	2
24	Event #049	2	Remember	5	2
24	Event #050	2	Remember	2	6
24	Event #051	2	Better	6	4
24	Event #052	2	Remember	6	1
24	Event #053	2	Remember	3	5
24	Event #054	2	Worse	6	4
24	Event #055	2	Worse	7	3
24	Event #056	2	Observer	1	5
24	Event #058	2	Better	4	3
24	Event #059	2	Observer	4	3
24	Event #060	2	Better	7	
24	Event #061	2	Remember	6	5
24	Event #062	2	Better	3	6
24	Event #063	2	Observer	2	3
24	Event #064	2	Remember	7	6
24	Event #067	2	Observer	6	4
24	Event #068	2	Worse	7	3
24	Event #069	2	Worse	5	3
24	Event #070	2	Better	2	2
24	Event #072	2	Better	3	3
24	Event #073	2	Remember	3	2
24	Event #074	2	Better	6	
24	Event #076	2	Better	4	5
24	Event #077	2	Better	4	2
24	Event #078	2	Better	6	
24	Event #079	2	Observer	2	3
24	Event #080	2	Observer	3	2
24	Event #081	2	Better	3	3
24	Event #083	2	Observer	5	3
24	Event #084	2	Observer	3	4
24	Event #086	2	Better	3	2
24	Event #087	2	Remember	6	4
24	Event #088	2	Remember	6	3
24	Event #089	2	Better	6	4
24	Event #090	2	Observer	4	3
24	Event #091	2	Worse	3	1
24	Event #092	2	Worse	3	2
24	Event #093	2	Observer	2	2
24	Event #094	2	Remember	4	2
24	Event #096	2	Worse	6	4
24	Event #097	2	Observer	4	3
24	Event #098	2	Observer	6	1
24	Event #099	2	Worse	7	6
24	Event #100	2	Better	4	3
24	Event #101	2	Worse	7	2
24	Event #102	2	Remember	6	2
24	Event #103	2	Better	3	4
24	Event #104	2	Observer	7	5
24	Event #105	2	Worse	5	3
24	Event #106	2	Observer	2	4
24	Event #107	2	Better	6	6
24	Event #108	2	Observer	6	4
24	Event #109	2	Remember	5	6
24	Event #110	2	Remember	3	6
24	Event #111	2	Observer	7	3
24	Event #112	2	Worse	5	4
24	Event #113	2	Better	6	3
24	Event #115	2	Worse	7	6
24	Event #117	2	Observer	6	6
24	Event #119	2	Worse	6	2
24	Event #120	2	Observer		2
25	Event #001	2	Better	7	6
25	Event #002	2	Observer	5	3
25	Event #003	2	Observer	6	7
25	Event #004	2	Observer	4	3
25	Event #005	2	Observer	3	6
25	Event #006	2	Worse	2	5
25	Event #008	2	Worse	3	5
25	Event #009	2	Better	4	3
25	Event #010	2	Better	5	4
25	Event #012	2	Observer	5	3
25	Event #013	2	Better	5	2
25	Event #015	2	Observer	6	4
25	Event #016	2	Observer	3	4
25	Event #017	2	Observer	2	5
25	Event #018	2	Remember	6	5
25	Event #019	2	Worse	3	5
25	Event #020	2	Observer	3	5
25	Event #021	2	Observer	5	2
25	Event #022	2	Observer	2	4
25	Event #023	2	Observer	4	3
25	Event #024	2	Remember	3	5
25	Event #025	2	Remember	2	4
25	Event #027	2	Better	4	5
25	Event #028	2	Remember		
25	Event #029	2	Better	4	5
25	Event #030	2	Observer	5	5
25	Event #032	2	Worse	3	6
25	Event #033	2	Remember	4	5
25	Event #034	2	Better	3	5
25	Event #035	2	Worse	3	5
25	Event #036	2	Worse	4	3
25	Event #037	2	Observer	5	5
25	Event #038	2	Remember	3	4
25	Event #039	2	Observer	5	4
25	Event #040	2	Worse	3	5
25	Event #041	2	Better	4	5
25	Event #042	2	Remember	6	4
25	Event #044	2	Remember	2	5
25	Event #045	2	Better	3	4
25	Event #046	2	Worse	5	5
25	Event #047	2	Worse	3	5
25	Event #048	2	Remember	4	2
25	Event #049	2	Worse	5	3
25	Event #050	2	Better	2	3
25	Event #051	2	Remember	3	4
25	Event #053	2	Better	5	3
25	Event #054	2	Better	3	4
25	Event #056	2	Worse	3	5
25	Event #057	2	Remember	3	4
25	Event #058	2	Better	3	5
25	Event #060	2	Remember	5	3
25	Event #061	2	Observer	2	6
25	Event #063	2	Remember	2	5
25	Event #066	2	Better	5	5
25	Event #068	2	Worse	5	2
25	Event #069	2	Worse	5	3
25	Event #070	2	Remember	4	5
25	Event #071	2	Worse	4	2
25	Event #073	2	Remember	4	3
25	Event #074	2	Remember	3	5
25	Event #075	2	Better	5	3
25	Event #077	2	Observer	3	4
25	Event #078	2	Remember	5	7
25	Event #079	2	Observer	3	6
25	Event #080	2	Better	5	3
25	Event #081	2	Worse	3	5
25	Event #082	2	Better	3	4
25	Event #083	2	Remember	3	4
25	Event #084	2	Remember	4	1
25	Event #086	2	Remember	5	3
25	Event #087	2	Better	2	5
25	Event #088	2	Observer	5	3
25	Event #089	2	Remember	6	4
25	Event #090	2	Worse	3	5
25	Event #091	2	Observer	5	3
25	Event #092	2	Observer	3	6
25	Event #093	2	Worse	4	5
25	Event #095	2	Worse	5	3
25	Event #096	2	Better	3	5
25	Event #098	2	Worse	2	3
25	Event #099	2	Better	2	5
25	Event #100	2	Better	5	3
25	Event #101	2	Worse	2	5
25	Event #102	2	Worse	3	4
25	Event #104	2	Worse	2	5
25	Event #105	2	Observer	6	4
25	Event #106	2	Observer	3	5
25	Event #107	2	Observer	4	3
25	Event #109	2	Better	5	3
25	Event #111	2	Better	4	3
25	Event #112	2	Remember	3	5
25	Event #114	2	Better	3	4
25	Event #115	2	Remember	3	
25	Event #116	2	Worse	4	5
25	Event #119	2	Worse	3	4
25	Event #120	2	Remember	5	3
26	Event #002	2	Remember	7	7
26	Event #003	2	Worse	7	5
26	Event #004	2	Worse	5	5
26	Event #005	2	Worse	6	2
26	Event #007	2	Better	2	2
26	Event #008	2	Observer	4	3
26	Event #010	2	Observer	3	3
26	Event #011	2	Remember	3	4
26	Event #012	2	Remember	5	6
26	Event #013	2	Worse	5	
26	Event #014	2	Worse	4	2
26	Event #015	2	Remember	5	6
26	Event #016	2	Remember	3	3
26	Event #017	2	Better	5	6
26	Event #019	2	Better	2	3
26	Event #021	2	Worse	7	5
26	Event #022	2	Better	5	3
26	Event #023	2	Worse	7	5
26	Event #024	2	Remember	4	4
26	Event #025	2	Observer	1	1
26	Event #028	2	Remember	2	4
26	Event #029	2	Remember	5	4
26	Event #030	2	Worse	6	4
26	Event #032	2	Remember	2	5
26	Event #034	2	Better	5	4
26	Event #036	2	Observer		3
26	Event #038	2	Remember	3	5
26	Event #039	2	Worse	3	4
26	Event #040	2	Observer	3	2
26	Event #041	2	Worse	4	2
26	Event #042	2	Worse	2	4
26	Event #043	2	Worse	6	4
26	Event #044	2	Observer	3	3
26	Event #045	2	Better	6	5
26	Event #046	2	Worse	5	3
26	Event #047	2	Observer	4	4
26	Event #048	2	Observer	1	1
26	Event #049	2	Better	1	2
26	Event #050	2	Better	4	4
26	Event #051	2	Remember	2	5
26	Event #052	2	Remember	4	5
26	Event #054	2	Remember	3	3
26	Event #055	2	Observer	2	3
26	Event #056	2	Better	5	5
26	Event #059	2	Better	3	1
26	Event #062	2	Better	5	6
26	Event #063	2	Worse	6	5
26	Event #064	2	Better	2	6
26	Event #065	2	Remember	2	6
26	Event #066	2	Better	5	4
26	Event #067	2	Remember	4	1
26	Event #068	2	Observer	5	5
26	Event #069	2	Observer	4	3
26	Event #070	2	Better	4	2
26	Event #071	2	Observer	4	
26	Event #073	2	Worse	3	3
26	Event #074	2	Remember	3	4
26	Event #075	2	Remember	3	3
26	Event #076	2	Observer	3	3
26	Event #077	2	Better	3	5
26	Event #078	2	Worse	3	
26	Event #079	2	Observer	3	1
26	Event #080	2	Better	5	5
26	Event #081	2	Better	4	4
26	Event #082	2	Observer	6	7
26	Event #083	2	Better	5	6
26	Event #084	2	Remember	6	6
26	Event #086	2	Remember	5	3
26	Event #087	2	Worse	5	7
26	Event #088	2	Observer	4	5
26	Event #089	2	Remember	4	4
26	Event #090	2	Observer	3	3
26	Event #091	2	Worse	5	4
26	Event #092	2	Remember	5	6
26	Event #093	2	Observer	3	3
26	Event #094	2	Remember	4	5
26	Event #095	2	Worse	7	5
26	Event #096	2	Better	6	5
26	Event #097	2	Worse	6	3
26	Event #099	2	Worse	6	5
26	Event #101	2	Better	6	6
26	Event #102	2	Observer	3	4
26	Event #103	2	Remember	5	6
26	Event #105	2	Better	5	4
26	Event #106	2	Better	5	3
26	Event #107	2	Observer	2	1
26	Event #108	2	Better	5	3
26	Event #109	2	Worse	5	3
26	Event #111	2	Observer	5	4
26	Event #112	2	Worse	6	4
26	Event #113	2	Observer	4	2
26	Event #114	2	Observer	4	6
26	Event #115	2	Better	3	3
26	Event #116	2	Worse	5	4
26	Event #118	2	Remember	5	5
26	Event #119	2	Observer	3	2
27	Event #003	2	Worse	6	5
27	Event #005	2	Observer	4	5
27	Event #006	2	Worse	5	5
27	Event #007	2	Better	6	5
27	Event #008	2	Observer	3	5
27	Event #011	2	Worse	3	3
27	Event #014	2	Observer	2	5
27	Event #015	2	Remember	6	5
27	Event #016	2	Worse	7	5
27	Event #017	2	Better	2	4
27	Event #019	2	Remember	3	5
27	Event #021	2	Remember	4	6
27	Event #022	2	Worse	5	5
27	Event #025	2	Remember	5	5
27	Event #026	2	Remember	5	5
27	Event #027	2	Remember	5	5
27	Event #028	2	Better	2	5
27	Event #029	2	Remember	3	5
27	Event #030	2	Worse	5	5
27	Event #031	2	Remember	6	6
27	Event #032	2	Worse	5	5
27	Event #033	2	Better	4	5
27	Event #034	2	Worse	4	5
27	Event #035	2	Worse	5	5
27	Event #037	2	Remember	2	5
27	Event #038	2	Better	3	6
27	Event #040	2	Worse	6	5
27	Event #041	2	Better	2	5
27	Event #042	2	Better	3	3
27	Event #043	2	Remember	1	6
27	Event #044	2	Remember	2	5
27	Event #045	2	Worse	2	3
27	Event #046	2	Observer	4	2
27	Event #047	2	Observer	3	4
27	Event #048	2	Observer	2	5
27	Event #049	2	Remember	4	5
27	Event #050	2	Remember	5	1
27	Event #051	2	Better	5	3
27	Event #052	2	Remember	4	4
27	Event #053	2	Remember	2	5
27	Event #054	2	Worse	5	3
27	Event #055	2	Worse	6	5
27	Event #056	2	Observer	3	5
27	Event #058	2	Better	4	5
27	Event #059	2	Observer	2	5
27	Event #060	2	Better	3	5
27	Event #061	2	Remember	5	5
27	Event #062	2	Better	2	2
27	Event #063	2	Observer	2	5
27	Event #064	2	Remember	2	6
27	Event #067	2	Observer	1	5
27	Event #068	2	Worse	2	5
27	Event #069	2	Worse	6	4
27	Event #070	2	Better	4	5
27	Event #072	2	Better	2	5
27	Event #073	2	Remember	2	3
27	Event #074	2	Better	2	5
27	Event #076	2	Better	2	5
27	Event #077	2	Better	4	5
27	Event #078	2	Better	3	3
27	Event #079	2	Observer	3	4
27	Event #080	2	Observer	2	2
27	Event #081	2	Better	2	2
27	Event #083	2	Observer	1	5
27	Event #084	2	Observer	2	4
27	Event #086	2	Better	2	1
27	Event #087	2	Remember	3	4
27	Event #088	2	Remember	3	4
27	Event #089	2	Better	5	6
27	Event #090	2	Observer	5	6
27	Event #091	2	Worse	5	6
27	Event #092	2	Worse	5	4
27	Event #093	2	Observer	2	4
27	Event #094	2	Remember	3	6
27	Event #096	2	Worse	5	5
27	Event #097	2	Observer	1	6
27	Event #098	2	Observer	1	4
27	Event #099	2	Worse	4	6
27	Event #100	2	Better	4	5
27	Event #101	2	Worse	3	5
27	Event #102	2	Remember	5	6
27	Event #103	2	Better	5	6
27	Event #104	2	Observer	3	5
27	Event #105	2	Worse	3	2
27	Event #106	2	Observer	3	3
27	Event #107	2	Better	5	4
27	Event #108	2	Observer	5	2
27	Event #109	2	Remember	5	4
27	Event #110	2	Remember	1	6
27	Event #111	2	Observer	4	5
27	Event #112	2	Worse	5	4
27	Event #113	2	Better	3	4
27	Event #115	2	Worse	3	6
27	Event #117	2	Observer	2	6
27	Event #119	2	Worse	6	5
27	Event #120	2	Observer	4	2
29	Event #003	2	Worse		4
29	Event #005	2	Observer		
29	Event #006	2	Worse	3	5
29	Event #007	2	Better		4
29	Event #008	2	Observer	5	3
29	Event #011	2	Worse	6	4
29	Event #014	2	Observer		5
29	Event #015	2	Remember	6	6
29	Event #016	2	Worse	3	
29	Event #017	2	Better	4	3
29	Event #019	2	Remember	4	3
29	Event #021	2	Remember	4	6
29	Event #022	2	Worse	4	4
29	Event #025	2	Remember	4	3
29	Event #026	2	Remember	5	
29	Event #027	2	Remember	3	4
29	Event #028	2	Better	4	
29	Event #029	2	Remember	3	4
29	Event #030	2	Worse	3	4
29	Event #031	2	Remember	4	5
29	Event #032	2	Worse	4	5
29	Event #033	2	Better	3	
29	Event #034	2	Worse	4	4
29	Event #035	2	Worse		6
29	Event #037	2	Remember	3	5
29	Event #038	2	Better	4	
29	Event #040	2	Worse	3	4
29	Event #041	2	Better		4
29	Event #042	2	Better	5	4
29	Event #043	2	Remember	6	6
29	Event #044	2	Remember	5	3
29	Event #045	2	Worse	5	
29	Event #046	2	Observer	3	5
29	Event #047	2	Observer	4	5
29	Event #048	2	Observer	3	
29	Event #049	2	Remember	4	6
29	Event #050	2	Remember	3	4
29	Event #051	2	Better	6	3
29	Event #052	2	Remember	6	5
29	Event #053	2	Remember	4	3
29	Event #054	2	Worse		
29	Event #055	2	Worse	1	4
29	Event #056	2	Observer	4	3
29	Event #058	2	Better		2
29	Event #059	2	Observer		
29	Event #060	2	Better	4	5
29	Event #061	2	Remember	5	5
29	Event #062	2	Better	4	6
29	Event #063	2	Observer	3	5
29	Event #064	2	Remember	2	4
29	Event #067	2	Observer		4
29	Event #068	2	Worse	3	
29	Event #069	2	Worse		
29	Event #070	2	Better	6	5
29	Event #072	2	Better	4	3
29	Event #073	2	Remember	3	
29	Event #074	2	Better	3	6
29	Event #076	2	Better	5	3
29	Event #077	2	Better	3	
29	Event #078	2	Better	5	4
29	Event #079	2	Observer		
29	Event #080	2	Observer	6	6
29	Event #081	2	Better	4	3
29	Event #083	2	Observer	4	3
29	Event #084	2	Observer	4	4
29	Event #086	2	Better		
29	Event #087	2	Remember	4	4
29	Event #088	2	Remember	3	4
29	Event #089	2	Better	3	4
29	Event #090	2	Observer	6	4
29	Event #091	2	Worse	4	3
29	Event #092	2	Worse	4	2
29	Event #093	2	Observer	3	2
29	Event #094	2	Remember		5
29	Event #096	2	Worse		5
29	Event #097	2	Observer	4	5
29	Event #098	2	Observer	4	3
29	Event #099	2	Worse	3	4
29	Event #100	2	Better		
29	Event #101	2	Worse		2
29	Event #102	2	Remember	3	5
29	Event #103	2	Better	4	6
29	Event #104	2	Observer	3	
29	Event #105	2	Worse	5	
29	Event #106	2	Observer	4	4
29	Event #107	2	Better	2	5
29	Event #108	2	Observer	5	3
29	Event #109	2	Remember	3	5
29	Event #110	2	Remember	3	4
29	Event #111	2	Observer	5	3
29	Event #112	2	Worse	5	
29	Event #113	2	Better	3	4
29	Event #115	2	Worse	5	5
29	Event #117	2	Observer	3	3
29	Event #119	2	Worse	5	3
29	Event #120	2	Observer	6	6
30	Event #003	2	Worse	7	7
30	Event #005	2	Observer	6	6
30	Event #006	2	Worse	4	2
30	Event #007	2	Better	7	7
30	Event #008	2	Observer	2	5
30	Event #011	2	Worse	4	2
30	Event #014	2	Observer		3
30	Event #015	2	Remember		3
30	Event #016	2	Worse	5	3
30	Event #017	2	Better	6	6
30	Event #019	2	Remember	7	6
30	Event #021	2	Remember	4	4
30	Event #022	2	Worse	5	6
30	Event #025	2	Remember	5	4
30	Event #026	2	Remember	4	4
30	Event #027	2	Remember	5	6
30	Event #028	2	Better	7	6
30	Event #029	2	Remember		5
30	Event #030	2	Worse	5	6
30	Event #031	2	Remember	6	7
30	Event #032	2	Worse	7	6
30	Event #033	2	Better	6	6
30	Event #034	2	Worse	6	7
30	Event #035	2	Worse	6	6
30	Event #037	2	Remember	5	4
30	Event #038	2	Better	5	5
30	Event #040	2	Worse	5	6
30	Event #041	2	Better	4	5
30	Event #042	2	Better	3	3
30	Event #043	2	Remember	3	4
30	Event #044	2	Remember	3	3
30	Event #045	2	Worse	2	3
30	Event #046	2	Observer	6	5
30	Event #047	2	Observer	3	6
30	Event #048	2	Observer	5	5
30	Event #049	2	Remember	7	6
30	Event #050	2	Remember	5	5
30	Event #051	2	Better	6	6
30	Event #052	2	Remember	6	5
30	Event #053	2	Remember	2	5
30	Event #054	2	Worse	4	5
30	Event #055	2	Worse	6	7
30	Event #056	2	Observer	2	5
30	Event #058	2	Better	6	6
30	Event #059	2	Observer	4	3
30	Event #060	2	Better	4	5
30	Event #061	2	Remember	6	7
30	Event #062	2	Better	6	6
30	Event #063	2	Observer	5	5
30	Event #064	2	Remember	4	3
30	Event #067	2	Observer	2	4
30	Event #068	2	Worse	4	2
30	Event #069	2	Worse	5	5
30	Event #070	2	Better	5	7
30	Event #072	2	Better	6	6
30	Event #073	2	Remember	2	3
30	Event #074	2	Better	5	6
30	Event #076	2	Better	4	6
30	Event #077	2	Better	3	5
30	Event #078	2	Better	4	6
30	Event #079	2	Observer	4	3
30	Event #080	2	Observer		4
30	Event #081	2	Better	6	6
30	Event #083	2	Observer	3	3
30	Event #084	2	Observer	6	5
30	Event #086	2	Better	6	6
30	Event #087	2	Remember	2	4
30	Event #088	2	Remember	2	2
30	Event #089	2	Better	5	5
30	Event #090	2	Observer	2	5
30	Event #091	2	Worse	6	6
30	Event #092	2	Worse	5	7
30	Event #093	2	Observer	4	5
30	Event #094	2	Remember	2	4
30	Event #096	2	Worse	2	2
30	Event #097	2	Observer	3	3
30	Event #098	2	Observer	3	4
30	Event #099	2	Worse	6	6
30	Event #100	2	Better	6	7
30	Event #101	2	Worse	6	7
30	Event #102	2	Remember	2	7
30	Event #103	2	Better	3	7
30	Event #104	2	Observer	2	1
30	Event #105	2	Worse	5	5
30	Event #106	2	Observer	2	4
30	Event #107	2	Better	5	5
30	Event #108	2	Observer	3	5
30	Event #109	2	Remember	2	4
30	Event #110	2	Remember	4	5
30	Event #111	2	Observer	4	6
30	Event #112	2	Worse	4	3
30	Event #113	2	Better	6	7
30	Event #115	2	Worse	6	7
30	Event #117	2	Observer	1	5
30	Event #119	2	Worse	7	7
30	Event #120	2	Observer	2	3
32	Event #003	2	Worse	2	4
32	Event #005	2	Observer	1	4
32	Event #006	2	Worse	3	6
32	Event #007	2	Better	2	4
32	Event #008	2	Observer	2	5
32	Event #011	2	Worse	1	4
32	Event #014	2	Observer	2	5
32	Event #015	2	Remember	1	2
32	Event #016	2	Worse	2	3
32	Event #017	2	Better	1	2
32	Event #019	2	Remember	3	4
32	Event #021	2	Remember	1	5
32	Event #022	2	Worse	1	4
32	Event #025	2	Remember	3	5
32	Event #026	2	Remember	2	3
32	Event #027	2	Remember	2	4
32	Event #028	2	Better	2	4
32	Event #029	2	Remember	3	4
32	Event #030	2	Worse	2	5
32	Event #031	2	Remember	1	4
32	Event #032	2	Worse	1	3
32	Event #033	2	Better	5	5
32	Event #034	2	Worse	1	4
32	Event #035	2	Worse	1	3
32	Event #037	2	Remember	3	5
32	Event #038	2	Better	1	3
32	Event #040	2	Worse	4	2
32	Event #041	2	Better	2	5
32	Event #042	2	Better	1	4
32	Event #043	2	Remember	2	4
32	Event #044	2	Remember	1	4
32	Event #045	2	Worse	1	3
32	Event #046	2	Observer	3	5
32	Event #047	2	Observer	2	4
32	Event #048	2	Observer	1	3
32	Event #049	2	Remember	2	4
32	Event #050	2	Remember	2	4
32	Event #051	2	Better	3	5
32	Event #052	2	Remember	2	4
32	Event #053	2	Remember	2	3
32	Event #054	2	Worse	3	5
32	Event #055	2	Worse	2	4
32	Event #056	2	Observer	1	5
32	Event #058	2	Better	2	4
32	Event #059	2	Observer	2	6
32	Event #060	2	Better	1	4
32	Event #061	2	Remember	1	4
32	Event #062	2	Better	1	4
32	Event #063	2	Observer	1	3
32	Event #064	2	Remember	2	4
32	Event #067	2	Observer	1	5
32	Event #068	2	Worse	1	4
32	Event #069	2	Worse	1	4
32	Event #070	2	Better	2	4
32	Event #072	2	Better	3	3
32	Event #073	2	Remember	3	5
32	Event #074	2	Better	1	2
32	Event #076	2	Better	2	3
32	Event #077	2	Better	1	3
32	Event #078	2	Better	1	3
32	Event #079	2	Observer	2	5
32	Event #080	2	Observer	1	5
32	Event #081	2	Better	1	1
32	Event #083	2	Observer	1	3
32	Event #084	2	Observer	1	4
32	Event #086	2	Better	1	4
32	Event #087	2	Remember	2	5
32	Event #088	2	Remember	3	4
32	Event #089	2	Better	1	4
32	Event #090	2	Observer	1	3
32	Event #091	2	Worse	1	3
32	Event #092	2	Worse	2	5
32	Event #093	2	Observer	1	6
32	Event #094	2	Remember	1	3
32	Event #096	2	Worse	2	4
32	Event #097	2	Observer	1	2
32	Event #098	2	Observer	1	2
32	Event #099	2	Worse	1	3
32	Event #100	2	Better	1	4
32	Event #101	2	Worse	4	3
32	Event #102	2	Remember	1	2
32	Event #103	2	Better	2	4
32	Event #104	2	Observer	1	4
32	Event #105	2	Worse	2	6
32	Event #106	2	Observer	1	2
32	Event #107	2	Better	3	3
32	Event #108	2	Observer	1	4
32	Event #109	2	Remember	2	4
32	Event #110	2	Remember	1	3
32	Event #111	2	Observer	1	4
32	Event #112	2	Worse	2	4
32	Event #113	2	Better	1	5
32	Event #115	2	Worse	2	4
32	Event #117	2	Observer	1	2
32	Event #119	2	Worse	1	1
32	Event #120	2	Observer	2	3
33	Event #001	2	Better	5	
33	Event #003	2	Observer	5	7
33	Event #005	2	Better	6	4
33	Event #006	2	Observer	6	7
33	Event #007	2	Better	4	5
33	Event #008	2	Remember	5	5
33	Event #009	2	Remember	4	5
33	Event #010	2	Observer	5	6
33	Event #011	2	Worse	7	6
33	Event #012	2	Remember	4	7
33	Event #014	2	Remember	4	6
33	Event #015	2	Worse	5	6
33	Event #018	2	Better	5	6
33	Event #019	2	Observer	4	3
33	Event #020	2	Worse	6	5
33	Event #022	2	Better	4	5
33	Event #023	2	Worse	4	5
33	Event #025	2	Better	4	5
33	Event #026	2	Better	4	1
33	Event #027	2	Better	3	2
33	Event #029	2	Worse	5	6
33	Event #030	2	Better	4	4
33	Event #032	2	Worse	6	5
33	Event #033	2	Worse	5	5
33	Event #034	2	Observer	5	6
33	Event #035	2	Observer	4	5
33	Event #036	2	Remember	7	6
33	Event #037	2	Better	4	6
33	Event #038	2	Better	4	5
33	Event #039	2	Remember	3	5
33	Event #040	2	Worse	3	4
33	Event #041	2	Observer	4	6
33	Event #042	2	Worse	6	6
33	Event #043	2	Observer	3	4
33	Event #044	2	Remember	4	4
33	Event #045	2	Observer	5	4
33	Event #046	2	Observer	5	7
33	Event #048	2	Better	3	5
33	Event #050	2	Remember		6
33	Event #052	2	Better	3	2
33	Event #053	2	Worse	4	4
33	Event #055	2	Better	4	3
33	Event #059	2	Observer	5	4
33	Event #060	2	Worse	5	5
33	Event #061	2	Observer	4	5
33	Event #062	2	Worse	5	4
33	Event #063	2	Remember	6	7
33	Event #064	2	Observer	3	5
33	Event #065	2	Better	4	5
33	Event #066	2	Remember	5	6
33	Event #067	2	Worse	7	6
33	Event #068	2	Remember	6	6
33	Event #069	2	Better	6	5
33	Event #070	2	Remember	4	5
33	Event #071	2	Observer	4	3
33	Event #072	2	Remember	5	7
33	Event #073	2	Remember	6	6
33	Event #074	2	Worse	5	5
33	Event #075	2	Better	4	5
33	Event #076	2	Remember	5	6
33	Event #077	2	Worse	5	5
33	Event #078	2	Observer	1	4
33	Event #079	2	Worse	1	3
33	Event #080	2	Observer	3	5
33	Event #081	2	Remember	5	5
33	Event #083	2	Better	3	4
33	Event #084	2	Worse	4	4
33	Event #085	2	Remember	2	5
33	Event #086	2	Observer	4	6
33	Event #087	2	Remember	3	5
33	Event #088	2	Remember	6	7
33	Event #089	2	Observer	3	4
33	Event #091	2	Worse	4	4
33	Event #092	2	Remember	4	6
33	Event #094	2	Observer	3	6
33	Event #097	2	Observer	3	4
33	Event #098	2	Remember	2	4
33	Event #099	2	Better	6	4
33	Event #100	2	Worse	5	6
33	Event #101	2	Worse	4	3
33	Event #102	2	Remember	4	5
33	Event #103	2	Better	4	5
33	Event #104	2	Remember	4	5
33	Event #105	2	Worse	5	5
33	Event #107	2	Observer	4	3
33	Event #109	2	Observer	3	3
33	Event #110	2	Better	4	5
33	Event #111	2	Worse	4	5
33	Event #112	2	Better	3	4
33	Event #113	2	Worse	4	4
33	Event #114	2	Better	4	4
33	Event #116	2	Better	5	5
33	Event #117	2	Worse	6	5
33	Event #118	2	Remember	4	3
33	Event #119	2	Observer	3	6
33	Event #120	2	Observer	5	
34	Event #002	2	Better	2	3
34	Event #003	2	Worse	3	4
34	Event #004	2	Remember	3	2
34	Event #005	2	Worse	3	3
34	Event #006	2	Observer	6	7
34	Event #009	2	Better	4	3
34	Event #010	2	Better	2	4
34	Event #011	2	Remember	5	5
34	Event #012	2	Observer	4	2
34	Event #013	2	Observer	5	5
34	Event #014	2	Worse	3	4
34	Event #015	2	Worse	6	5
34	Event #016	2	Observer	7	6
34	Event #017	2	Worse	4	5
34	Event #019	2	Observer	4	3
34	Event #020	2	Remember	4	3
34	Event #022	2	Remember	5	3
34	Event #023	2	Better	3	5
34	Event #024	2	Worse	3	4
34	Event #025	2	Observer	4	2
34	Event #026	2	Better	4	5
34	Event #027	2	Better	4	6
34	Event #028	2	Observer	3	4
34	Event #029	2	Remember	4	6
34	Event #032	2	Worse	3	5
34	Event #033	2	Better	4	5
34	Event #034	2	Observer	2	3
34	Event #035	2	Remember	7	6
34	Event #036	2	Better	7	6
34	Event #037	2	Worse	7	7
34	Event #038	2	Remember	4	3
34	Event #041	2	Observer	3	2
34	Event #042	2	Observer	4	5
34	Event #044	2	Better	5	6
34	Event #045	2	Observer	4	4
34	Event #046	2	Observer	5	3
34	Event #047	2	Worse	2	3
34	Event #048	2	Observer	5	4
34	Event #049	2	Remember	2	4
34	Event #051	2	Remember	5	6
34	Event #052	2	Remember	6	4
34	Event #053	2	Remember	6	5
34	Event #054	2	Worse	5	5
34	Event #055	2	Worse	6	5
34	Event #056	2	Worse	5	5
34	Event #057	2	Better	3	4
34	Event #058	2	Better	4	5
34	Event #060	2	Observer	2	4
34	Event #061	2	Observer	4	
34	Event #063	2	Remember	4	5
34	Event #064	2	Worse		4
34	Event #067	2	Worse	2	4
34	Event #068	2	Better		5
34	Event #069	2	Worse	4	3
34	Event #070	2	Better	4	6
34	Event #071	2	Observer	4	2
34	Event #072	2	Worse	5	3
34	Event #074	2	Remember	3	5
34	Event #075	2	Worse	3	3
34	Event #076	2	Remember	4	3
34	Event #078	2	Observer	2	1
34	Event #079	2	Observer	4	2
34	Event #080	2	Worse	2	3
34	Event #081	2	Worse	1	3
34	Event #082	2	Remember	4	5
34	Event #083	2	Better	5	5
34	Event #084	2	Remember	3	3
34	Event #085	2	Worse	5	5
34	Event #086	2	Remember	2	4
34	Event #087	2	Better	4	5
34	Event #088	2	Better	6	4
34	Event #089	2	Better		4
34	Event #092	2	Better	2	2
34	Event #093	2	Observer	4	3
34	Event #094	2	Better	5	
34	Event #095	2	Remember		2
34	Event #096	2	Better	3	4
34	Event #099	2	Observer	2	4
34	Event #100	2	Observer	2	4
34	Event #101	2	Remember	3	2
34	Event #102	2	Remember	6	3
34	Event #105	2	Better	3	4
34	Event #106	2	Observer	1	2
34	Event #107	2	Better	3	3
34	Event #108	2	Observer	1	2
34	Event #109	2	Observer	4	2
34	Event #110	2	Worse	4	3
34	Event #112	2	Worse	5	3
34	Event #113	2	Worse	4	3
34	Event #114	2	Remember	3	1
34	Event #115	2	Remember	5	4
34	Event #116	2	Remember	4	4
34	Event #117	2	Worse	2	3
34	Event #118	2	Better	4	5
34	Event #119	2	Better	7	6
34	Event #120	2	Remember	5	3
